City_ID,City,Country,Date,Lat,Lng,Max Temp,Humidity,Cloudiness,Wind Speed
0,Nikolskoye,RU,2021-12-17 18:2137,59.7035,30.7861,31.89,98,71,5.7
1,Rikitea,PF,2021-12-17 18:2137,-23.1203,-134.9692,74.68,73,99,18.03
2,Mar Del Plata,AR,2021-12-17 18:2026,-38.0023,-57.5575,68.88,88,86,20.0
3,Ribeira Grande,PT,2021-12-17 18:2138,38.5167,-28.7,59.4,58,40,13.8
4,East London,ZA,2021-12-17 18:2138,-33.0153,27.9116,63.54,67,20,9.22
5,Kapaa,US,2021-12-17 18:2138,22.0752,-159.319,73.72,86,90,3.0
6,Puerto Ayora,EC,2021-12-17 18:2138,-0.7393,-90.3518,80.56,86,87,5.01
7,Pisco,PE,2021-12-17 18:2139,-13.7,-76.2167,71.02,78,0,9.22
8,Hithadhoo,MV,2021-12-17 18:2139,-0.6,73.0833,82.47,72,82,4.12
9,Biak,ID,2021-12-17 18:2139,-0.9131,122.8766,77.02,84,61,2.55
10,Port Elizabeth,ZA,2021-12-17 18:2140,-33.918,25.5701,62.89,67,20,14.97
11,Broome,US,2021-12-17 18:2140,42.2506,-75.833,51.17,34,1,7.0
12,Olafsvik,IS,2021-12-17 18:2140,64.8945,-23.7142,42.1,78,100,8.03
13,Mataura,NZ,2021-12-17 18:2140,-46.1927,168.8643,51.48,95,90,8.86
14,Jamestown,US,2021-12-17 18:2141,42.097,-79.2353,47.52,56,1,11.5
15,New Norfolk,AU,2021-12-17 18:2141,-42.7826,147.0587,62.71,35,100,3.51
16,Thompson,CA,2021-12-17 18:2141,55.7435,-97.8558,-14.64,76,75,5.75
17,Atuona,PF,2021-12-17 18:2142,-9.8,-139.0333,77.58,72,7,9.98
18,Maku,IR,2021-12-17 18:2142,39.2911,44.4521,37.78,96,100,1.41
19,Torbay,CA,2021-12-17 18:2142,47.6666,-52.7314,30.76,94,90,33.38
20,Lincoln,US,2021-12-17 18:1739,40.8,-96.667,43.29,58,1,8.01
21,Lazaro Cardenas,MX,2021-12-17 18:2142,17.9583,-102.2,83.98,60,15,6.02
22,Ferrol,ES,2021-12-17 18:2143,43.4832,-8.2369,52.68,82,0,1.79
23,Fairbanks,US,2021-12-17 18:2002,64.8378,-147.7164,6.76,82,90,0.0
24,Victoria,HK,2021-12-17 18:1809,22.2855,114.1577,65.32,67,64,5.01
25,Lebu,CL,2021-12-17 18:2143,-37.6167,-73.65,61.61,66,53,9.73
26,Codrington,AU,2021-12-17 18:2143,-38.2667,141.9667,78.6,23,77,17.49
27,Bijar,IR,2021-12-17 18:2144,35.8668,47.6051,38.39,90,77,9.26
28,Atambua,ID,2021-12-17 18:2144,-9.1061,124.8925,75.33,86,100,3.15
29,Ushuaia,AR,2021-12-17 18:1946,-54.8,-68.3,56.86,67,40,12.66
30,Chuy,UY,2021-12-17 18:2144,-33.6971,-53.4616,72.84,55,65,13.62
31,Tucuma,BR,2021-12-17 18:2145,-0.1833,-50.05,85.73,66,92,8.43
32,Kula,TR,2021-12-17 18:2145,38.5473,28.6498,34.12,84,81,3.22
33,Kodiak,US,2021-12-17 18:2145,57.79,-152.4072,29.71,74,1,3.44
34,Eureka,US,2021-12-17 18:2145,40.8021,-124.1637,47.19,96,33,3.74
35,Cape Town,ZA,2021-12-17 18:1852,-33.9258,18.4232,76.26,51,0,5.01
36,Sao Joao Da Barra,BR,2021-12-17 18:2146,-21.6403,-41.0511,86.09,90,94,3.4
37,Walvis Bay,NA,2021-12-17 18:2146,-22.9575,14.5053,64.09,77,18,6.91
38,Srednekolymsk,RU,2021-12-17 18:2146,67.45,153.6833,-20.76,98,100,6.98
39,Svarstad,NO,2021-12-17 18:2147,59.399,9.9698,37.0,45,8,3.8
40,Provideniya,RU,2021-12-17 18:2147,64.3833,-173.3,4.48,92,100,15.39
41,Bad Durkheim,DE,2021-12-17 18:2147,49.4686,8.1664,46.27,93,9,5.14
42,Richards Bay,ZA,2021-12-17 18:2147,-28.783,32.0377,64.58,76,100,11.1
43,Siilinjarvi,FI,2021-12-17 18:2148,63.0833,27.6667,24.82,93,90,1.14
44,Avarua,CK,2021-12-17 18:2148,-21.2078,-159.775,80.65,78,90,8.05
45,Hermanus,ZA,2021-12-17 18:2148,-34.4187,19.2345,62.8,67,1,26.28
46,Bethel,US,2021-12-17 18:2148,41.3712,-73.414,58.5,26,1,1.99
47,Waipawa,NZ,2021-12-17 18:2249,-41.4122,175.5153,56.93,88,76,4.59
48,Tasiilaq,GL,2021-12-17 18:2249,65.6145,-37.6368,30.36,83,65,4.61
49,Poum,NC,2021-12-17 18:2249,-20.2333,164.0167,77.81,70,22,12.68
50,Punta Arenas,CL,2021-12-17 18:2250,-53.15,-70.9167,60.82,76,75,10.36
51,Hofn,IS,2021-12-17 18:2250,64.2539,-15.2082,39.22,93,90,0.0
52,Uchiza,PE,2021-12-17 18:2250,-8.4592,-76.4633,87.13,60,62,2.64
53,Saldanha,ZA,2021-12-17 18:2250,-33.0117,17.9442,73.45,64,14,15.55
54,Airai,TL,2021-12-17 18:2251,-8.9266,125.4092,61.18,79,100,2.37
55,Adelaide,AU,2021-12-17 18:2251,-34.9333,138.6,69.85,78,75,5.99
56,Hot Springs,US,2021-12-17 18:2051,34.5037,-93.0552,59.4,98,90,5.01
57,Navahrudak,BY,2021-12-17 18:2251,53.6,25.8333,33.66,92,100,10.49
58,Staraya Toropa,RU,2021-12-17 18:2251,56.2801,31.6702,30.58,92,100,7.81
59,Iquitos,PE,2021-12-17 18:2252,-3.7481,-73.2472,82.44,78,75,3.44
60,Nkayi,CG,2021-12-17 18:2252,-4.1841,13.2884,72.7,95,100,0.43
61,Bima,ID,2021-12-17 18:2252,-8.4667,118.7167,79.47,91,99,1.39
62,Aguimes,ES,2021-12-17 18:2253,27.9054,-15.4461,63.23,59,0,3.44
63,Hobart,AU,2021-12-17 18:2018,-42.8794,147.3294,63.05,55,90,1.01
64,Aklavik,CA,2021-12-17 18:2253,68.2191,-135.0107,-10.48,76,75,8.05
65,Bluff,NZ,2021-12-17 18:2253,-46.6,168.3333,51.8,67,59,25.59
66,Roma,US,2021-12-17 18:2253,43.2128,-75.4557,48.88,48,1,3.0
67,Kapit,MY,2021-12-17 18:2254,2.0167,112.9333,73.87,99,100,0.81
68,Barrow,US,2021-12-17 18:2254,71.2906,-156.7887,-9.38,70,90,21.85
69,Katsuura,JP,2021-12-17 18:2254,35.1333,140.3,42.19,48,70,26.37
70,Hilo,US,2021-12-17 18:2223,19.7297,-155.09,80.28,54,1,5.75
71,Bubaque,GW,2021-12-17 18:2255,11.2833,-15.8333,83.52,57,85,9.73
72,Cidreira,BR,2021-12-17 18:2255,-30.1811,-50.2056,73.71,79,40,15.5
73,At-Bashi,KG,2021-12-17 18:2255,41.1702,75.8106,4.75,57,2,2.84
74,Butaritari,KI,2021-12-17 18:2255,3.0707,172.7902,81.86,78,50,14.56
75,Aloleng,PH,2021-12-17 18:2256,16.1307,119.7824,81.88,71,93,7.31
76,Albany,US,2021-12-17 18:2129,42.6001,-73.9662,54.36,36,1,4.0
77,Wagar,SD,2021-12-17 18:2256,16.1525,36.2032,83.97,42,2,9.75
78,Pasni,PK,2021-12-17 18:2256,25.2631,63.471,70.05,47,32,3.2
79,Yellowknife,CA,2021-12-17 18:2256,62.456,-114.3525,-27.71,67,1,4.61
80,Ponta Do Sol,PT,2021-12-17 18:2257,32.6667,-17.1,66.7,76,63,7.18
81,Castro,BR,2021-12-17 18:2257,-24.7911,-50.0119,81.39,56,58,3.74
82,Bandarbeyla,SO,2021-12-17 18:2257,9.4942,50.8122,77.54,71,81,16.89
83,Norman Wells,CA,2021-12-17 18:2258,65.282,-126.8329,-25.56,68,75,0.0
84,Hamilton,US,2021-12-17 18:1936,39.1834,-84.5333,47.25,56,40,1.99
85,Meulaboh,ID,2021-12-17 18:2258,4.1363,96.1285,77.27,90,99,4.83
86,Georgetown,MY,2021-12-17 18:2258,5.4112,100.3354,79.95,91,40,5.75
87,Kaitangata,NZ,2021-12-17 18:2258,-46.2817,169.8464,53.92,67,50,13.87
88,Ankang,CN,2021-12-17 18:2259,32.68,109.0172,41.7,49,87,2.26
89,Tupik,RU,2021-12-17 18:2259,54.4253,119.9327,-18.89,96,40,1.99
90,Faranah,GN,2021-12-17 18:2259,10.0404,-10.7434,85.51,22,71,5.14
91,Vaini,TO,2021-12-17 18:2300,-21.2,-175.2,78.96,94,40,8.05
92,Samfya,ZM,2021-12-17 18:2300,-11.3649,29.5565,66.79,92,98,6.38
93,Kirakira,SB,2021-12-17 18:2400,-10.4544,161.9205,78.15,87,100,5.84
94,Tura,IN,2021-12-17 18:2401,25.5198,90.2201,58.21,74,15,3.87
95,Goderich,CA,2021-12-17 18:2401,43.7501,-81.7165,35.91,74,42,12.66
96,Nieuw Amsterdam,SR,2021-12-17 18:2401,5.8833,-55.0833,88.14,76,40,8.05
97,Qaanaaq,GL,2021-12-17 18:2401,77.484,-69.3632,-7.29,94,100,2.48
98,Sioux Lookout,CA,2021-12-17 18:2402,50.1001,-91.917,7.18,78,90,4.61
99,Kahului,US,2021-12-17 18:2402,20.8947,-156.47,76.84,88,20,3.44
100,Ramgarh,IN,2021-12-17 18:2402,23.6333,85.5167,64.45,63,11,4.65
101,Khatanga,RU,2021-12-17 18:2402,71.9667,102.5,-35.82,100,99,3.96
102,Qianan,CN,2021-12-17 18:2403,44.9932,124.0581,-6.74,88,7,7.18
103,Yarkovo,RU,2021-12-17 18:2403,57.4028,67.0786,11.77,99,98,2.89
104,Avera,US,2021-12-17 18:2404,33.194,-82.5271,68.05,72,63,4.99
105,Matamoros,MX,2021-12-17 18:2405,25.5333,-103.25,71.71,24,90,10.36
106,Cayenne,GF,2021-12-17 18:2405,4.9333,-52.3333,87.84,80,0,5.01
107,Moindou,NC,2021-12-17 18:2405,-21.6924,165.677,67.95,77,3,6.08
108,Lagos,NG,2021-12-17 18:2406,6.5833,3.75,84.52,70,58,5.48
109,College,US,2021-12-17 18:2406,64.8569,-147.8028,6.75,82,90,0.0
110,Saskylakh,RU,2021-12-17 18:2406,71.9167,114.0833,-37.08,100,98,5.91
111,Solnechnyy,RU,2021-12-17 18:2406,50.7214,136.6319,-17.41,93,82,2.17
112,Busselton,AU,2021-12-17 18:2407,-33.65,115.3333,58.08,70,100,15.08
113,Tecoanapa,MX,2021-12-17 18:2407,16.5167,-98.75,83.86,62,3,7.23
114,Asau,RO,2021-12-17 18:2407,46.4333,26.4,36.52,93,96,3.6
115,Teguldet,RU,2021-12-17 18:2408,57.3064,88.1667,22.95,94,100,11.07
116,La Ronge,CA,2021-12-17 18:2408,55.1001,-105.2842,-5.55,77,75,3.44
117,Vanimo,PG,2021-12-17 18:2408,-2.6741,141.3028,75.45,92,100,6.69
118,Qaqortoq,GL,2021-12-17 18:2408,60.7167,-46.0333,18.1,78,10,6.53
119,Lompoc,US,2021-12-17 18:2409,34.6391,-120.4579,62.42,84,1,5.01
120,Basco,PH,2021-12-17 18:2409,20.4487,121.9702,73.47,77,100,41.67
121,Zarubino,RU,2021-12-17 18:2409,42.63,131.0922,9.45,60,12,21.79
122,Tiarei,PF,2021-12-17 18:2410,-17.5333,-149.3333,84.22,69,73,15.77
123,Yerofey Pavlovich,RU,2021-12-17 18:2410,53.9667,121.9667,-14.8,96,96,2.48
124,Praia Da Vitoria,PT,2021-12-17 18:2410,38.7333,-27.0667,62.85,77,20,9.93
125,Marzuq,YE,2021-12-17 18:2410,14.4,46.4667,63.54,74,29,6.08
126,Los Llanos De Aridane,ES,2021-12-17 18:2411,28.6585,-17.9182,62.35,85,20,3.0
127,Narsaq,GL,2021-12-17 18:2411,60.9167,-46.05,17.82,70,3,6.96
128,Kieta,PG,2021-12-17 18:2411,-6.2167,155.6333,80.17,84,100,4.05
129,Fortuna,US,2021-12-17 18:2411,40.5982,-124.1573,46.92,79,40,5.01
130,Mwinilunga,ZM,2021-12-17 18:2412,-11.7358,24.4293,62.62,96,75,1.14
131,Winslow,US,2021-12-17 18:2412,35.0242,-110.6974,39.38,59,1,1.99
132,Batemans Bay,AU,2021-12-17 18:2412,-35.7167,150.1833,65.1,89,93,4.61
133,Cherskiy,RU,2021-12-17 18:2412,68.75,161.3,-19.77,98,100,5.46
134,Pedernales,DO,2021-12-17 18:2413,18.0384,-71.744,85.06,54,0,3.11
135,San Ramon,US,2021-12-17 18:2041,37.7799,-121.978,51.57,80,1,1.01
136,Sorland,NO,2021-12-17 18:2413,67.667,12.6934,44.46,84,100,26.6
137,Galle,LK,2021-12-17 18:2413,6.0367,80.217,78.73,84,98,4.05
138,Rocha,UY,2021-12-17 18:2326,-34.4833,-54.3333,75.38,49,15,13.69
139,Dongsheng,CN,2021-12-17 18:2159,39.8161,109.9776,15.71,56,7,22.21
140,Aneho,TG,2021-12-17 18:2514,6.2333,1.6,84.4,72,46,11.97
141,Carnarvon,AU,2021-12-17 18:2514,-24.8667,113.6333,69.87,73,0,19.57
142,Luau,AO,2021-12-17 18:2514,-10.7073,22.2247,65.52,96,100,3.22
143,Manokwari,ID,2021-12-17 18:2515,-0.8667,134.0833,78.24,82,93,3.74
144,Guarapari,BR,2021-12-17 18:2515,-20.6667,-40.4975,85.89,84,64,8.05
145,Laguna,US,2021-12-17 18:2515,38.421,-121.4238,51.01,94,75,1.99
146,Bredasdorp,ZA,2021-12-17 18:2516,-34.5322,20.0403,62.28,71,0,23.96
147,Port Alfred,ZA,2021-12-17 18:2516,-33.5906,26.891,63.21,59,94,19.22
148,Dukat,RU,2021-12-17 18:2516,62.55,155.55,-31.61,98,97,2.68
149,Ouesso,CG,2021-12-17 18:2516,1.6136,16.0517,82.65,49,93,2.66
150,Burnie,AU,2021-12-17 18:2517,-41.0667,145.9167,59.94,84,100,10.51
151,Arman,RU,2021-12-17 18:2517,59.7,150.1667,3.99,93,100,14.23
152,Kavieng,PG,2021-12-17 18:2517,-2.5744,150.7967,81.36,78,88,0.74
153,Shangrao,CN,2021-12-17 18:2517,28.4532,117.9686,43.77,67,95,8.48
154,Taoudenni,ML,2021-12-17 18:2518,22.6783,-3.9836,83.82,17,74,7.72
155,Ketchikan,US,2021-12-17 18:2518,55.3422,-131.6461,27.07,80,90,3.44
156,Hasaki,JP,2021-12-17 18:2518,35.7333,140.8333,37.8,48,58,23.22
157,Batasan,PH,2021-12-17 18:2518,12.7667,120.7833,80.56,76,100,10.45
158,Cairns,AU,2021-12-17 18:2329,-16.9167,145.7667,78.75,78,90,6.91
159,Saint-Pierre,RE,2021-12-17 18:2519,-21.3393,55.4781,74.88,77,0,5.75
160,Arraial Do Cabo,BR,2021-12-17 18:2519,-22.9661,-42.0278,78.66,89,75,8.05
161,Diplo,PK,2021-12-17 18:2519,24.4667,69.584,59.59,14,0,10.09
162,Brooks,CA,2021-12-17 18:2052,50.5834,-111.8851,-3.37,73,15,1.14
163,Ostrovnoy,RU,2021-12-17 18:2520,68.0531,39.5131,18.73,90,100,6.13
164,Visby,SE,2021-12-17 18:2338,57.6409,18.296,39.42,87,0,11.5
165,Kihei,US,2021-12-17 18:2520,20.785,-156.4656,76.84,87,20,3.44
166,Buta,CD,2021-12-17 18:2520,2.7858,24.73,79.72,40,58,2.91
167,Sao Filipe,CV,2021-12-17 18:2521,14.8961,-24.4956,75.42,73,78,5.01
168,Kodigenahalli,IN,2021-12-17 18:2521,13.72,77.3903,67.19,77,4,5.3
169,Hay River,CA,2021-12-17 18:2521,60.8156,-115.7999,-23.82,76,20,5.75
170,Ilo,PE,2021-12-17 18:2521,-17.6394,-71.3375,72.46,68,0,12.66
171,Carndonagh,IE,2021-12-17 18:2522,55.25,-7.2667,38.82,94,3,5.23
172,Ous,RU,2021-12-17 18:2119,60.9058,61.5186,7.86,96,92,3.62
173,Guerrero Negro,MX,2021-12-17 18:2522,27.9769,-114.0611,63.95,49,3,4.21
174,Okakarara,NA,2021-12-17 18:2522,-20.5833,17.4333,78.22,34,74,10.78
175,Vila Velha,BR,2021-12-17 18:2210,-20.3297,-40.2925,85.95,66,20,17.27
176,Rawah,IQ,2021-12-17 18:2522,34.4816,41.9093,55.83,54,0,6.89
177,Rubiataba,BR,2021-12-17 18:2523,-15.1644,-49.8033,78.85,71,100,3.96
178,Matara,LK,2021-12-17 18:2523,5.9485,80.5353,77.36,87,100,1.79
179,Henties Bay,NA,2021-12-17 18:2523,-22.116,14.2845,63.86,85,2,5.73
180,Half Moon Bay,US,2021-12-17 18:2524,37.4636,-122.4286,53.06,76,1,1.01
181,Banda Aceh,ID,2021-12-17 18:2502,5.5577,95.3222,79.38,83,100,4.94
182,Zhangye,CN,2021-12-17 18:2524,38.9342,100.4517,16.99,58,2,6.06
183,Dicabisagan,PH,2021-12-17 18:2524,17.0818,122.4157,77.23,93,100,18.05
184,Lagoa,PT,2021-12-17 18:2525,39.05,-27.9833,58.98,56,46,21.36
185,Cesis,LV,2021-12-17 18:2525,57.3119,25.2746,31.73,97,65,5.21
186,Zhigansk,RU,2021-12-17 18:2525,66.7697,123.3711,-34.11,99,100,3.18
187,Najran,SA,2021-12-17 18:2526,17.4924,44.1277,65.05,26,0,2.73
188,Ulladulla,AU,2021-12-17 18:2626,-35.35,150.4667,63.88,88,83,6.38
189,Narok,KE,2021-12-17 18:2626,-1.0783,35.8601,62.8,82,100,3.53
190,Edson,CA,2021-12-17 18:2518,53.5835,-116.4356,-21.86,76,1,4.61
191,Peniche,PT,2021-12-17 18:2626,39.3558,-9.3811,59.61,71,1,8.88
192,Grimshaw,CA,2021-12-17 18:2627,56.1834,-117.6027,-7.98,76,40,8.05
193,Haines Junction,CA,2021-12-17 18:2627,60.7522,-137.5108,-4.05,77,100,0.0
194,Ahuimanu,US,2021-12-17 18:2627,21.4447,-157.8378,76.46,78,40,3.44
195,Cabo San Lucas,MX,2021-12-17 18:2232,22.8909,-109.9124,77.18,73,40,3.44
196,Mahebourg,MU,2021-12-17 18:2627,-20.4081,57.7,78.26,83,75,3.44
197,Horsham,GB,2021-12-17 18:2628,51.064,-0.3272,48.63,90,75,10.36
198,Muzhi,RU,2021-12-17 18:2628,65.3667,64.6667,-18.62,99,99,7.92
199,Autazes,BR,2021-12-17 18:2628,-3.5797,-59.1306,84.76,77,100,3.49
200,Vestmanna,FO,2021-12-17 18:2629,62.1564,-7.1664,45.52,93,90,18.41
201,Dongning,CN,2021-12-17 18:2629,44.0622,131.1207,0.5,68,48,13.65
202,Kashi,CN,2021-12-17 18:2629,39.4547,75.9797,22.21,68,0,8.95
203,Longyearbyen,SJ,2021-12-17 18:2228,78.2186,15.6401,31.84,69,40,18.41
204,Tuktoyaktuk,CA,2021-12-17 18:2629,69.4541,-133.0374,-16.6,76,75,14.97
205,Talnakh,RU,2021-12-17 18:2630,69.4865,88.3972,-35.77,97,55,2.98
206,Saint-Michel-Des-Saints,CA,2021-12-17 18:2630,46.6834,-73.9159,32.94,72,100,15.01
207,Rawson,AR,2021-12-17 18:2630,-43.3002,-65.1023,86.29,26,0,23.02
208,Koindu,GN,2021-12-17 18:2631,8.4386,-10.3253,82.9,48,36,2.1
209,Singaraja,ID,2021-12-17 18:2631,-8.112,115.0882,81.97,84,93,1.05
210,Mount Gambier,AU,2021-12-17 18:2631,-37.8333,140.7667,73.31,43,90,16.11
211,Chicama,PE,2021-12-17 18:2631,-7.8447,-79.1469,66.74,61,59,11.56
212,Iracoubo,GF,2021-12-17 18:2632,5.4802,-53.2011,82.78,73,17,8.95
213,Porbandar,IN,2021-12-17 18:2241,21.6422,69.6093,67.55,32,1,14.34
214,Ahipara,NZ,2021-12-17 18:2632,-35.1667,173.1667,61.36,78,33,9.31
215,Pafos,CY,2021-12-17 18:2157,34.7667,32.4167,58.78,63,40,19.57
216,Te Anau,NZ,2021-12-17 18:2632,-45.4167,167.7167,48.25,76,65,3.51
217,Coquimbo,CL,2021-12-17 18:2434,-29.9533,-71.3436,66.52,69,0,13.13
218,Smithers,CA,2021-12-17 18:2633,54.7804,-127.1743,3.52,85,90,0.0
219,Tucuman,AR,2021-12-17 18:2633,-26.8241,-65.2226,89.6,45,40,3.44
220,North Bend,US,2021-12-17 18:2633,43.4065,-124.2243,44.85,95,1,8.05
221,Saint-Philippe,RE,2021-12-17 18:2634,-21.3585,55.7679,74.79,77,33,3.74
222,Moree,AU,2021-12-17 18:2634,-29.4667,149.85,69.82,73,36,13.8
223,Pangnirtung,CA,2021-12-17 18:2635,66.1451,-65.7125,17.6,86,90,20.71
224,Samarai,PG,2021-12-17 18:2635,-10.6167,150.6667,80.82,82,69,7.29
225,Tiksi,RU,2021-12-17 18:2636,71.6872,128.8694,-22.9,100,100,3.18
226,Faanui,PF,2021-12-17 18:2636,-16.4833,-151.75,79.14,78,26,13.38
227,Gulfport,US,2021-12-17 18:2556,30.3674,-89.0928,75.25,94,90,17.27
228,Rafai,CF,2021-12-17 18:2637,4.95,23.9167,79.45,31,61,1.14
229,Chake Chake,TZ,2021-12-17 18:2637,-5.2459,39.7666,78.46,83,79,6.35
230,Jieshi,CN,2021-12-17 18:2638,22.8134,115.8257,58.89,65,76,13.53
231,Prainha,BR,2021-12-17 18:2638,-1.8,-53.48,87.58,58,100,4.68
232,Cerrito,CO,2021-12-17 18:2638,6.8432,-72.694,63.79,72,60,2.01
233,Antofagasta,CL,2021-12-17 18:2639,-23.65,-70.4,69.33,68,86,10.89
234,San Andres,CO,2021-12-17 18:2639,12.5847,-81.7006,84.22,74,75,13.8
235,Nelson Bay,AU,2021-12-17 18:2739,-32.7167,152.15,68.0,87,4,1.01
236,Bambous Virieux,MU,2021-12-17 18:2740,-20.3428,57.7575,78.22,83,75,3.44
237,Pleasant Point,NZ,2021-12-17 18:2740,-44.2667,171.1333,52.29,97,63,4.03
238,Susanville,US,2021-12-17 18:2725,40.4163,-120.653,25.09,87,1,0.0
239,Port Blair,IN,2021-12-17 18:2740,11.6667,92.75,77.0,76,18,8.95
240,Sola,VU,2021-12-17 18:2740,-13.8833,167.55,79.47,78,75,0.0
241,Pevek,RU,2021-12-17 18:2741,69.7008,170.3133,-7.94,96,100,2.89
242,Atar,MR,2021-12-17 18:2741,20.5169,-13.0499,82.47,29,8,8.19
243,San Jose,US,2021-12-17 18:2249,37.3394,-121.895,53.02,76,20,1.01
244,Rio Gallegos,AR,2021-12-17 18:2741,-51.6226,-69.2181,55.45,88,75,8.05
245,Jabinyanah,TN,2021-12-17 18:2741,35.035,10.9081,57.0,65,69,7.52
246,Ormara,PK,2021-12-17 18:2742,25.2088,64.6357,69.91,33,3,1.5
247,Quatre Cocos,MU,2021-12-17 18:2742,-20.2078,57.7625,78.1,73,71,6.64
248,Rovnoye,RU,2021-12-17 18:2742,50.7765,46.0509,32.81,100,100,4.45
249,Souillac,MU,2021-12-17 18:2743,-20.5167,57.5167,78.37,83,75,3.44
250,Westport,US,2021-12-17 18:2743,41.1415,-73.3579,60.58,22,1,3.0
251,Tanout,NE,2021-12-17 18:2743,14.9709,8.8879,69.78,16,52,14.07
252,Parrita,CR,2021-12-17 18:2744,9.5201,-84.3225,94.77,76,32,5.97
253,Chiredzi,ZW,2021-12-17 18:2744,-21.05,31.6667,66.0,91,100,12.5
254,Kamenka,RU,2021-12-17 18:2744,51.3223,42.7678,29.75,99,100,5.32
255,Muros,ES,2021-12-17 18:2744,42.7762,-9.0603,53.83,84,0,3.44
256,Matola,MZ,2021-12-17 18:2745,-25.9622,32.4589,67.95,77,75,19.57
257,Tuatapere,NZ,2021-12-17 18:2745,-46.1333,167.6833,51.82,79,95,10.98
258,Portland,US,2021-12-17 18:2558,45.5234,-122.6762,44.62,95,75,3.0
259,Kavaratti,IN,2021-12-17 18:2745,10.5669,72.642,82.51,72,9,8.41
260,Touros,BR,2021-12-17 18:2746,-5.1989,-35.4608,86.9,66,30,16.69
261,Faya,SA,2021-12-17 18:2746,18.3851,42.4509,57.31,64,14,0.96
262,Seoul,KR,2021-12-17 18:2713,37.5683,126.9778,17.04,48,0,6.91
263,Soe,ID,2021-12-17 18:2746,-9.8607,124.284,68.18,90,100,2.55
264,Kodinsk,RU,2021-12-17 18:2746,58.6881,99.1844,3.81,98,100,2.24
265,Abbeville,FR,2021-12-17 18:2747,50.1,1.8333,46.49,94,12,10.96
266,Luderitz,NA,2021-12-17 18:2747,-26.6481,15.1594,64.15,82,12,14.52
267,Tashla,RU,2021-12-17 18:2747,51.7716,52.7427,31.78,99,100,4.56
268,Esperance,AU,2021-12-17 18:2748,-33.8667,121.9,51.64,69,14,5.57
269,Auki,SB,2021-12-17 18:2748,-8.7676,160.7034,77.58,89,100,3.42
270,Durban,ZA,2021-12-17 18:2748,-29.8579,31.0292,61.92,95,100,5.01
271,Maragogi,BR,2021-12-17 18:2748,-9.0122,-35.2225,82.85,69,72,13.29
272,Borogontsy,RU,2021-12-17 18:2749,62.6683,131.1683,-28.39,96,100,3.65
273,Vardo,NO,2021-12-17 18:2749,70.3705,31.1107,33.78,93,75,17.27
274,Okhotsk,RU,2021-12-17 18:2749,59.3833,143.3,-10.37,79,61,14.47
275,Pa Daet,TH,2021-12-17 18:2749,19.5049,99.9924,61.16,73,61,1.3
276,Beyneu,KZ,2021-12-17 18:2750,45.3167,55.2,38.59,51,98,9.64
277,Sardarshahr,IN,2021-12-17 18:2750,28.4333,74.4833,53.8,24,0,5.86
278,Catuday,PH,2021-12-17 18:2750,16.2923,119.8062,80.17,74,89,6.17
279,Gomel,BY,2021-12-17 18:2750,52.4345,30.9754,33.78,93,90,11.18
280,Itaituba,BR,2021-12-17 18:2751,-4.2761,-55.9836,91.56,66,40,10.36
281,Banepa,NP,2021-12-17 18:2751,27.6298,85.5214,41.32,87,20,4.61
282,Vila Franca Do Campo,PT,2021-12-17 18:2751,37.7167,-25.4333,61.21,74,99,5.75
283,Kenitra,MA,2021-12-17 18:2852,34.261,-6.5802,57.83,73,4,2.26
284,Broken Hill,AU,2021-12-17 18:2852,-31.95,141.4333,76.71,29,80,8.05
285,Dikson,RU,2021-12-17 18:2852,73.5069,80.5464,-14.01,96,100,11.56
286,Puerto Escondido,MX,2021-12-17 18:2853,15.85,-97.0667,85.03,61,1,5.75
287,Chokurdakh,RU,2021-12-17 18:2415,70.6333,147.9167,-33.5,100,99,6.35
288,Clyde River,CA,2021-12-17 18:2853,70.4692,-68.5914,-10.97,84,90,9.22
289,Naryan-Mar,RU,2021-12-17 18:2853,67.6713,53.087,-2.02,99,98,8.63
290,Bakaly,RU,2021-12-17 18:2853,55.1789,53.8028,27.86,96,100,6.49
291,Grindavik,IS,2021-12-17 18:2854,63.8424,-22.4338,41.47,93,90,0.0
292,Talmenka,RU,2021-12-17 18:2854,53.8183,83.5677,27.84,95,100,16.44
293,Leningradskiy,RU,2021-12-17 18:2854,69.3833,178.4167,-12.37,97,100,3.11
294,Wakema,MM,2021-12-17 18:2854,16.6,95.1833,68.27,70,3,6.98
295,Warrington,GB,2021-12-17 18:2855,53.3925,-2.5802,45.81,92,75,8.05
296,Boa Vista,BR,2021-12-17 18:2855,2.8197,-60.6733,91.38,46,75,10.36
297,Farafangana,MG,2021-12-17 18:2855,-22.8167,47.8333,78.66,75,30,9.26
298,Saint George,US,2021-12-17 18:2856,37.1041,-113.5841,43.36,60,1,1.99
299,Morant Bay,JM,2021-12-17 18:2856,17.8815,-76.4093,85.62,74,20,13.04
300,Creel,MX,2021-12-17 18:2856,27.75,-107.6333,53.29,40,94,19.66
301,Eskisehir,TR,2021-12-17 18:2856,39.7767,30.5206,33.71,93,75,8.05
302,Collie,AU,2021-12-17 18:2857,-33.3667,116.15,55.98,68,100,8.88
303,Pekan,MY,2021-12-17 18:2857,3.4836,103.3996,78.91,89,100,12.64
304,Cururupu,BR,2021-12-17 18:2857,-1.8283,-44.8683,87.98,55,95,8.88
305,Rapid Valley,US,2021-12-17 18:2857,44.0625,-103.1463,34.03,84,90,1.01
306,Taicheng,CN,2021-12-17 18:2858,38.731,113.228,12.61,25,3,3.87
307,Wattegama,LK,2021-12-17 18:2858,6.7989,81.4808,74.32,89,100,5.23
308,Keflavik,IS,2021-12-17 18:2858,64.0049,-22.5624,41.43,93,90,0.0
309,Moose Factory,CA,2021-12-17 18:2859,51.2585,-80.6094,15.8,79,90,24.16
310,Abay,KZ,2021-12-17 18:2409,49.6311,72.8539,26.98,82,97,12.71
311,Lorengau,PG,2021-12-17 18:2859,-2.0226,147.2712,81.03,81,99,10.2
312,Jinan,CN,2021-12-17 18:2859,36.6683,116.9972,27.59,18,1,8.21
313,Mumford,GH,2021-12-17 18:2859,5.2618,-0.759,81.79,80,73,11.52
314,Bjornevatn,NO,2021-12-17 18:2900,69.6672,29.9847,29.82,100,75,10.36
315,Pudozh,RU,2021-12-17 18:2900,61.8099,36.5345,8.62,99,76,2.91
316,Maceio,BR,2021-12-17 18:2900,-9.6658,-35.7353,87.24,62,40,19.57
317,Ilulissat,GL,2021-12-17 18:2901,69.2167,-51.1,15.82,45,75,19.57
318,Selenginsk,RU,2021-12-17 18:2901,52.0064,106.8647,-8.63,88,99,6.44
319,Lokoja,NG,2021-12-17 18:2901,7.8024,6.743,84.15,22,58,2.73
320,Nyurba,RU,2021-12-17 18:2902,63.2842,118.3319,-44.86,100,69,2.37
321,Tubuala,PA,2021-12-17 18:2902,9.5167,-79.0333,88.56,87,43,10.85
322,Severo-Kurilsk,RU,2021-12-17 18:2902,50.6789,156.125,27.57,90,100,26.91
323,Uribia,CO,2021-12-17 18:2902,11.7139,-72.266,88.63,47,16,25.05
324,Batagay-Alyta,RU,2021-12-17 18:2903,67.8006,130.4114,-25.26,98,100,1.3
325,Lazarev,RU,2021-12-17 18:2903,52.225,141.5131,-20.06,90,66,5.86
326,Vestmannaeyjar,IS,2021-12-17 18:2903,63.4427,-20.2734,45.59,93,40,12.66
327,Finnsnes,NO,2021-12-17 18:3003,69.2296,17.9811,41.61,98,100,17.72
328,Kondinskoye,RU,2021-12-17 18:3004,59.6481,67.41,-3.46,100,98,4.61
329,Mingaora,PK,2021-12-17 18:3005,34.7758,72.3625,38.21,22,0,8.57
330,Chokwe,MZ,2021-12-17 18:3006,-24.5333,32.9833,68.54,75,91,14.47
331,Sidi Ali,DZ,2021-12-17 18:3006,36.0998,0.4206,53.64,62,3,9.46
332,Nanortalik,GL,2021-12-17 18:3007,60.1432,-45.2371,19.11,69,2,5.57
333,Gigmoto,PH,2021-12-17 18:3008,13.7796,124.39,79.56,88,100,8.39
334,Sisimiut,GL,2021-12-17 18:3008,66.9395,-53.6735,14.2,71,100,13.04
335,Upernavik,GL,2021-12-17 18:3009,72.7868,-56.1549,2.62,76,100,7.18
336,Xining,CN,2021-12-17 18:3010,36.6167,101.7667,17.33,60,100,1.54
337,West Bay,KY,2021-12-17 18:3010,19.3667,-81.4167,85.06,77,20,3.0
338,Gornopravdinsk,RU,2021-12-17 18:3010,60.05,69.9,1.29,100,96,3.04
339,Springbok,ZA,2021-12-17 18:3010,-29.6643,17.8865,76.78,17,0,6.22
340,Churapcha,RU,2021-12-17 18:3011,62.0025,132.4325,-28.59,97,100,4.07
341,Labuhan,ID,2021-12-17 18:3014,-6.8844,112.2051,80.28,84,100,2.71
342,Yulara,AU,2021-12-17 18:3014,-25.2406,130.9889,82.24,28,8,6.91
343,Guarapuava,BR,2021-12-17 18:3015,-25.3953,-51.4581,81.82,45,84,2.95
344,Itarema,BR,2021-12-17 18:3015,-2.9248,-39.9167,85.32,64,3,17.83
345,Hambantota,LK,2021-12-17 18:3015,6.1241,81.1185,75.54,100,40,2.3
346,Voh,NC,2021-12-17 18:3016,-20.9667,164.7,72.25,80,3,3.76
347,Alofi,NU,2021-12-17 18:3016,-19.0595,-169.9187,78.69,89,15,6.91
348,Nchelenge,ZM,2021-12-17 18:3016,-9.3451,28.734,70.54,90,100,13.82
349,Kalemie,CD,2021-12-17 18:3016,-5.9475,29.1947,68.83,91,100,6.46
350,Nata,PA,2021-12-17 18:3017,8.3333,-80.5167,86.47,72,100,2.04
351,Damaturu,NG,2021-12-17 18:3017,11.747,11.9608,69.91,26,5,11.5
352,Malyye Derbety,RU,2021-12-17 18:3017,47.9547,44.6808,38.64,94,100,6.69
353,Kruisfontein,ZA,2021-12-17 18:3017,-34.0033,24.7314,59.88,62,1,15.84
354,Inhambane,MZ,2021-12-17 18:3018,-23.865,35.3833,72.54,83,100,25.23
355,Victor Harbor,AU,2021-12-17 18:3018,-35.5667,138.6167,69.46,83,0,12.01
356,Foumbot,CM,2021-12-17 18:3018,5.5079,10.6356,69.08,37,100,3.96
357,Necochea,AR,2021-12-17 18:3006,-38.5473,-58.7368,85.03,41,100,12.8
358,Baruun-Urt,MN,2021-12-17 18:3019,46.6806,113.2792,1.31,72,100,5.46
359,Port Hedland,AU,2021-12-17 18:3019,-20.3167,118.5667,82.45,74,0,13.8
360,Sitka,US,2021-12-17 18:3019,57.0531,-135.33,35.49,75,90,3.44
361,Longhua,CN,2021-12-17 18:3020,23.6137,114.1919,48.18,59,9,3.69
362,Ikalamavony,MG,2021-12-17 18:3020,-21.15,46.5833,69.91,84,39,4.45
363,Ambilobe,MG,2021-12-17 18:3020,-13.2,49.05,76.53,84,55,2.75
364,Nisia Floresta,BR,2021-12-17 18:3020,-6.0911,-35.2086,86.81,63,31,13.98
365,Hillsborough,US,2021-12-17 18:3021,37.5741,-122.3794,53.29,75,1,4.0
366,Gandiaye,SN,2021-12-17 18:3021,14.2333,-16.2667,89.91,21,100,7.52
367,Vila Do Maio,CV,2021-12-17 18:3021,15.1333,-23.2167,77.79,78,46,10.27
368,San Jeronimo,PE,2021-12-17 18:3022,-11.9472,-75.2829,62.37,52,100,4.63
369,Tokur,RU,2021-12-17 18:3022,53.1333,132.9,-37.68,99,76,2.08
370,Beruwala,LK,2021-12-17 18:3122,6.4788,79.9828,76.03,91,100,4.68
371,Luanda,AO,2021-12-17 18:3006,-8.8368,13.2343,77.0,88,75,2.3
372,Diego De Almagro,CL,2021-12-17 18:3123,-26.3667,-70.05,84.67,16,14,14.03
373,Chimbote,PE,2021-12-17 18:2733,-9.0853,-78.5783,73.06,72,37,12.37
374,Santa Maria,BR,2021-12-17 18:2743,-29.6842,-53.8069,83.5,51,40,18.41
375,Tuy Hoa,VN,2021-12-17 18:3124,13.0833,109.3,73.26,90,100,14.54
376,Anadyr,RU,2021-12-17 18:3124,64.75,177.4833,-17.9,83,20,11.18
377,Orangeburg,US,2021-12-17 18:3125,33.4918,-80.8557,71.11,91,100,3.0
378,Ciudad Ojeda,VE,2021-12-17 18:3125,10.1964,-71.3082,81.91,67,99,6.33
379,Sobolevo,RU,2021-12-17 18:3125,54.4299,31.8996,31.44,94,100,9.31
380,Batagay,RU,2021-12-17 18:3125,67.6333,134.6333,-37.66,97,99,1.48
381,Sarkand,KZ,2021-12-17 18:3126,45.41,79.9186,27.55,59,6,8.7
382,Christchurch,NZ,2021-12-17 18:3014,-43.5333,172.6333,55.9,94,20,1.99
383,Makakilo City,US,2021-12-17 18:3127,21.3469,-158.0858,75.61,80,20,3.44
384,Talcahuano,CL,2021-12-17 18:3024,-36.7167,-73.1167,60.82,65,0,10.33
385,Alice Springs,AU,2021-12-17 18:2819,-23.7,133.8833,80.15,26,9,6.91
386,Isangel,VU,2021-12-17 18:3130,-19.55,169.2667,71.71,94,75,2.3
387,Chadiza,ZM,2021-12-17 18:3130,-14.0678,32.4392,69.28,84,100,3.69
388,Alta Floresta,BR,2021-12-17 18:3130,-9.8756,-56.0861,85.82,74,75,8.05
389,Yar-Sale,RU,2021-12-17 18:3132,66.8333,70.8333,-23.1,100,100,8.28
390,Lozovo,MK,2021-12-17 18:3132,41.7839,21.9056,40.39,73,18,12.39
391,Japura,ID,2021-12-17 18:3132,-0.3167,102.35,74.12,98,100,2.37
392,Naliya,IN,2021-12-17 18:3133,23.2667,68.8333,62.38,31,0,9.33
393,San Fernando,PH,2021-12-17 18:3134,15.0286,120.6898,80.62,84,100,11.34
394,Lodwar,KE,2021-12-17 18:3135,3.1191,35.5973,86.31,36,100,13.31
395,Turukhansk,RU,2021-12-17 18:3137,65.8167,87.9833,-34.98,96,24,5.55
396,Vostok,RU,2021-12-17 18:3139,46.4856,135.8833,-19.03,98,100,4.5
397,Port-Gentil,GA,2021-12-17 18:3139,-0.7193,8.7815,82.36,83,75,9.22
398,Baiyin,CN,2021-12-17 18:3140,36.5583,104.2081,11.28,43,100,2.53
399,Ossora,RU,2021-12-17 18:3140,59.2353,163.0719,-10.25,89,2,5.53
400,Santiago Del Estero,AR,2021-12-17 18:3144,-27.7951,-64.2615,93.81,22,3,9.95
401,Cap Malheureux,MU,2021-12-17 18:3144,-19.9842,57.6142,78.48,74,5,1.99
402,Mogoytuy,RU,2021-12-17 18:3144,51.2833,114.9167,-0.8,83,66,9.37
403,Podporozhye,RU,2021-12-17 18:3144,60.9112,34.1706,10.35,99,73,2.3
404,Iqaluit,CA,2021-12-17 18:3012,63.7506,-68.5145,29.93,80,90,25.99
405,Ostersund,SE,2021-12-17 18:3145,63.1792,14.6357,41.61,100,90,8.05
406,Ananindeua,BR,2021-12-17 18:3145,-1.3656,-48.3722,85.91,70,75,6.91
407,Kenai,US,2021-12-17 18:3145,60.5544,-151.2583,18.03,92,90,0.0
408,Nishihara,JP,2021-12-17 18:3145,26.1842,127.7558,60.08,61,90,19.57
409,Kambove,CD,2021-12-17 18:3146,-10.8764,26.5969,63.59,97,100,0.49
410,Tegh,AM,2021-12-17 18:3146,39.5579,46.4772,38.59,71,10,6.11
411,Andenes,NO,2021-12-17 18:3147,69.3143,16.1194,44.58,81,90,20.71
412,Skara,SE,2021-12-17 18:3147,58.3866,13.4384,37.11,95,22,1.99
413,Mount Isa,AU,2021-12-17 18:3148,-20.7333,139.5,82.17,61,90,4.61
414,Yankton,US,2021-12-17 18:3148,42.8711,-97.3973,35.85,64,20,13.8
415,Pogar,RU,2021-12-17 18:3148,52.554,33.2591,31.5,94,99,9.98
416,Ratne,UA,2021-12-17 18:3149,51.6683,24.5303,34.9,97,100,13.42
417,Mankono,CI,2021-12-17 18:3249,8.0586,-6.1897,82.89,24,68,4.52
418,Muyezerskiy,RU,2021-12-17 18:3249,63.9333,31.65,10.24,100,89,2.08
419,Bhinmal,IN,2021-12-17 18:3250,25.0,72.25,55.35,20,0,9.01
420,Teknaf,BD,2021-12-17 18:3250,20.8624,92.3058,64.58,79,0,7.2
421,San Patricio,US,2021-12-17 18:3250,28.017,-97.5169,81.01,64,100,18.66
422,Tarakan,ID,2021-12-17 18:3250,3.3,117.6333,78.3,94,75,2.3
423,Fonte Boa,BR,2021-12-17 18:3251,-2.4959,-66.2662,80.06,94,100,0.83
424,Atbasar,KZ,2021-12-17 18:3251,51.8,68.3333,28.85,92,100,12.97
425,Sarauli,IN,2021-12-17 18:3251,28.5,79.1,50.68,32,0,8.37
426,Kutum,SD,2021-12-17 18:3251,14.2,24.6667,62.69,28,6,10.47
427,Weyburn,CA,2021-12-17 18:3014,49.6668,-103.8511,-1.98,71,100,8.05
428,Arlit,NE,2021-12-17 18:3252,18.7369,7.3853,69.4,16,13,15.32
429,Bara,NG,2021-12-17 18:3252,10.3744,10.7288,73.45,24,14,7.9
430,Aripuana,BR,2021-12-17 18:3252,-9.1667,-60.6333,80.06,93,100,2.06
431,Menongue,AO,2021-12-17 18:3253,-14.6585,17.691,64.08,93,100,4.45
432,Ibra,OM,2021-12-17 18:3253,22.6906,58.5334,62.08,60,5,2.3
433,Vaitape,PF,2021-12-17 18:3253,-16.5167,-151.75,80.04,75,39,13.69
434,Tual,ID,2021-12-17 18:3254,-5.6667,132.75,82.54,73,100,5.23
435,Lufilufi,WS,2021-12-17 18:3256,-13.8745,-171.5986,76.78,75,100,15.23
436,Jensen Beach,US,2021-12-17 18:3256,27.2545,-80.2298,84.07,65,40,7.0
437,Charagua,BO,2021-12-17 18:3256,-19.8,-63.2167,87.37,26,51,9.04
438,Ucluelet,CA,2021-12-17 18:3256,48.9329,-125.5528,41.09,82,100,1.01
439,Tadpatri,IN,2021-12-17 18:3257,14.9167,78.0167,69.94,68,1,4.12
440,Svetlyy,RU,2021-12-17 18:3257,54.675,20.1347,41.05,80,46,11.83
441,Vanavara,RU,2021-12-17 18:3257,60.34,102.2797,-18.51,100,100,1.74
442,Chapais,CA,2021-12-17 18:3258,49.7834,-74.8492,17.38,84,100,15.73
443,Dunda,TZ,2021-12-17 18:3258,-8.1167,34.25,68.45,85,100,5.26
444,Sangmelima,CM,2021-12-17 18:3258,2.9333,11.9833,73.44,41,76,1.5
445,Darnah,LY,2021-12-17 18:3258,32.767,22.6367,59.0,69,20,19.17
446,Beyla,GN,2021-12-17 18:3259,8.6833,-8.6333,77.5,22,82,3.91
447,Coracora,PE,2021-12-17 18:3259,-15.0333,-73.7833,67.3,25,61,14.81
448,Yerbogachen,RU,2021-12-17 18:3259,61.2767,108.0108,-25.71,100,93,1.74
449,Grand Forks,US,2021-12-17 18:3217,47.9417,-97.4337,9.79,78,90,8.05
450,Guaraniacu,BR,2021-12-17 18:3300,-25.1008,-52.8781,88.66,28,58,2.15
451,Constitucion,CL,2021-12-17 18:3300,-35.3333,-72.4167,65.37,55,0,14.74
452,Astana,KZ,2021-12-17 18:2837,51.1801,71.446,24.75,86,90,20.13
453,Conceicao Do Araguaia,BR,2021-12-17 18:3300,-8.2578,-49.2647,86.77,63,100,4.14
454,Larsnes,NO,2021-12-17 18:3301,62.2028,5.5773,49.01,92,100,15.08
455,Daan,CN,2021-12-17 18:3301,33.0558,106.2958,36.88,57,96,2.53
456,Hua Hin,TH,2021-12-17 18:3301,12.5707,99.9588,79.66,67,100,7.38
457,Ermelo,ZA,2021-12-17 18:3302,-26.5333,29.9833,47.52,94,100,9.91
458,Svobodnyy,RU,2021-12-17 18:3302,51.4,128.1333,-16.73,95,21,4.61
459,Coffs Harbour,AU,2021-12-17 18:3302,-30.3,153.1333,69.76,87,40,9.22
460,Lavrentiya,RU,2021-12-17 18:3302,65.5833,-171.0,0.64,93,100,6.49
461,Beringovskiy,RU,2021-12-17 18:3303,63.05,179.3167,-2.72,97,100,18.43
462,Hargeysa,SO,2021-12-17 18:3403,9.56,44.065,62.85,95,65,14.09
463,Carnot,CF,2021-12-17 18:3403,4.9409,15.8665,79.97,28,94,5.64
464,Hobyo,SO,2021-12-17 18:3404,5.3505,48.5268,78.64,82,95,19.93
465,Ishigaki,JP,2021-12-17 18:3404,24.3448,124.1572,63.9,70,100,34.94
466,Viedma,AR,2021-12-17 18:3404,-40.8135,-62.9967,88.43,28,96,20.13
467,Kamaishi,JP,2021-12-17 18:3404,39.2667,141.8833,27.12,57,1,13.94
468,Bosaso,SO,2021-12-17 18:3405,11.2842,49.1816,76.5,75,40,10.0
469,Cockburn Town,TC,2021-12-17 18:3405,21.4612,-71.1419,79.12,75,0,23.85
470,Korla,CN,2021-12-17 18:3405,41.7597,86.1469,22.55,60,0,4.63
471,Mayo,US,2021-12-17 18:3405,38.8876,-76.5119,64.74,44,1,6.91
472,Hami,CN,2021-12-17 18:3406,42.8,93.45,23.7,55,0,2.39
473,Luba,GQ,2021-12-17 18:3406,3.4568,8.5547,80.49,78,100,9.69
474,Yilan,TW,2021-12-17 18:3406,24.757,121.753,59.36,99,100,3.94
475,Ornskoldsvik,SE,2021-12-17 18:3407,63.2909,18.7153,34.75,100,0,8.05
476,Qasigiannguit,GL,2021-12-17 18:3407,68.8193,-51.1922,16.05,78,100,3.56
477,Tabou,CI,2021-12-17 18:3407,4.423,-7.3528,80.92,80,5,9.91
478,Pangody,RU,2021-12-17 18:3407,65.85,74.4859,-31.59,98,7,8.28
479,Lokosovo,RU,2021-12-17 18:3408,61.1333,74.8167,2.3,98,94,5.79
480,Maoming,CN,2021-12-17 18:3408,21.65,110.9,62.83,54,67,6.08
481,Amga,RU,2021-12-17 18:3408,60.8953,131.9608,-22.77,98,100,0.87
482,Khvoynaya,RU,2021-12-17 18:3409,58.9,34.5333,24.13,96,85,4.9
483,Kasongo-Lunda,CD,2021-12-17 18:3409,-6.4667,16.8167,71.42,88,22,2.91
484,Salalah,OM,2021-12-17 18:3410,17.0151,54.0924,77.09,57,40,14.97
485,Trincomalee,LK,2021-12-17 18:3410,8.5711,81.2335,79.05,83,100,12.37
486,Ayan,RU,2021-12-17 18:3410,56.45,138.1667,-7.58,69,100,10.42
487,Matagami,CA,2021-12-17 18:2916,49.7502,-77.6328,15.91,79,90,18.41
488,Suzun,RU,2021-12-17 18:3211,53.7841,82.3116,28.42,92,100,14.36
489,Coihaique,CL,2021-12-17 18:3411,-45.5752,-72.0662,86.61,28,75,8.05
490,San Isidro,PE,2021-12-17 18:3411,-12.1167,-77.05,74.01,80,90,1.99
491,Petropavlovsk-Kamchatskiy,RU,2021-12-17 18:3411,53.0452,158.6483,0.19,78,20,11.18
492,Margate,GB,2021-12-17 18:3411,51.3813,1.3862,47.97,91,100,3.0
493,San Quintin,MX,2021-12-17 18:3412,30.4833,-115.95,61.61,50,100,3.31
494,Bonthe,SL,2021-12-17 18:3412,7.5264,-12.505,81.77,78,7,8.5
495,Bilma,NE,2021-12-17 18:3412,18.6853,12.9164,65.17,19,98,11.48
496,Chardara,KZ,2021-12-17 18:3413,41.2547,67.9692,42.48,41,0,6.15
497,Camacupa,AO,2021-12-17 18:3413,-12.0167,17.4833,61.05,97,99,4.41
498,Komsomolskiy,UZ,2021-12-17 18:3413,40.4272,71.7189,27.82,74,0,6.91
499,Shingu,JP,2021-12-17 18:3413,33.7333,135.9833,38.14,75,26,14.16
500,Port-Cartier,CA,2021-12-17 18:3414,50.0334,-66.8654,37.62,70,100,19.6
501,Belmonte,BR,2021-12-17 18:3414,-15.8631,-38.8828,84.7,72,32,10.47
502,Razam,IN,2021-12-17 18:3414,18.4667,83.6667,63.73,66,100,4.47
503,Kingisepp,RU,2021-12-17 18:3415,59.3733,28.6134,32.05,87,99,5.91
504,Upata,VE,2021-12-17 18:3415,8.0086,-62.3989,79.59,74,100,7.34
505,Chumikan,RU,2021-12-17 18:3415,54.7183,135.315,-14.75,83,100,19.04
506,Krasnoyarsk,RU,2021-12-17 18:3415,56.0097,92.7917,25.2,89,100,16.24
507,Anchorage,US,2021-12-17 18:3402,61.2181,-149.9003,21.87,84,90,0.0
508,Mehamn,NO,2021-12-17 18:3416,71.0357,27.8492,32.18,74,0,27.63
509,Novovasylivka,UA,2021-12-17 18:3416,46.8315,35.7536,35.44,98,100,9.57
510,Comodoro Rivadavia,AR,2021-12-17 18:3426,-45.8667,-67.5,67.86,68,40,6.91
511,Huanren,CN,2021-12-17 18:3516,41.2647,125.3667,5.02,69,0,3.51
512,Charyshskoye,RU,2021-12-17 18:3517,51.3978,83.5598,29.25,59,100,14.2
513,Buin,CL,2021-12-17 18:3517,-33.7333,-70.75,85.05,18,0,11.59
514,Barillas,GT,2021-12-17 18:3517,15.8036,-91.3158,77.34,68,41,4.74
515,Nemuro,JP,2021-12-17 18:3518,43.3236,145.575,30.61,79,100,20.29
516,Alghero,IT,2021-12-17 18:3518,40.5589,8.3181,48.29,87,0,3.44
517,Kalabo,ZM,2021-12-17 18:3518,-14.97,22.6814,70.5,74,100,3.65
518,Pangai,TO,2021-12-17 18:3519,-19.8,-174.35,80.71,83,20,5.75
519,Riosucio,CO,2021-12-17 18:3519,5.4216,-75.7032,70.23,82,100,2.64
520,Ercis,TR,2021-12-17 18:3520,39.0287,43.3586,38.8,92,90,2.13
521,Quelimane,MZ,2021-12-17 18:3520,-17.8786,36.8883,84.15,74,75,6.91
522,Phalombe,MW,2021-12-17 18:3520,-15.8064,35.6507,72.41,75,100,6.85
523,Grand Gaube,MU,2021-12-17 18:3520,-20.0064,57.6608,78.39,74,5,1.01
524,Ola,RU,2021-12-17 18:3521,59.5833,151.2833,9.28,84,100,15.7
525,Batticaloa,LK,2021-12-17 18:3521,7.7102,81.6924,76.91,87,100,8.72
526,Nome,US,2021-12-17 18:3521,64.5011,-165.4064,24.87,93,90,12.66
527,Omsukchan,RU,2021-12-17 18:3521,62.5333,155.8,-31.88,98,88,3.24
528,Varkkallai,IN,2021-12-17 18:3522,8.7341,76.7067,82.18,76,6,4.97
529,Caravelas,BR,2021-12-17 18:3522,-17.7125,-39.2481,82.09,69,9,11.23
530,Eregli,TR,2021-12-17 18:3522,37.5133,34.0467,33.96,99,100,2.42
531,Paita,PE,2021-12-17 18:3523,-5.0892,-81.1144,82.96,73,88,16.04
532,Santa Cruz De Tenerife,ES,2021-12-17 18:3242,28.4682,-16.2546,69.69,74,0,1.99
533,Rome,US,2021-12-17 18:3512,34.257,-85.1647,71.26,75,90,3.0
534,Marsa Matruh,EG,2021-12-17 18:3526,31.3525,27.2453,58.26,59,12,16.06
535,Kuldur,RU,2021-12-17 18:3526,49.2167,131.6333,-15.66,97,46,5.35
536,Olavarria,AR,2021-12-17 18:3108,-36.8927,-60.3225,82.02,47,100,9.33
537,Hualmay,PE,2021-12-17 18:3527,-11.0964,-77.6139,72.82,73,27,12.5
538,Imeni Poliny Osipenko,RU,2021-12-17 18:3527,52.4201,136.4853,-30.28,100,84,3.02
539,Ranau,MY,2021-12-17 18:3527,5.9538,116.6641,72.25,93,100,3.24
540,Halifax,CA,2021-12-17 18:3406,44.6453,-63.5724,50.49,61,40,8.99
541,Thunder Bay,CA,2021-12-17 18:3436,48.4001,-89.3168,16.56,67,90,11.5
542,Gorontalo,ID,2021-12-17 18:3528,0.5412,123.0595,75.13,92,75,2.75
543,Saint Joseph,US,2021-12-17 18:3528,39.7686,-94.8466,42.91,50,100,11.25
544,Puksoozero,RU,2021-12-17 18:3528,62.5903,40.6066,16.3,97,90,3.51
545,Meridian,US,2021-12-17 18:3038,43.6121,-116.3915,37.18,83,90,8.05
546,Bako,ET,2021-12-17 18:3528,5.7833,36.5667,74.19,46,92,2.39
547,Soyo,AO,2021-12-17 18:3529,-6.1349,12.3689,78.85,84,100,0.94
548,Namatanai,PG,2021-12-17 18:3529,-3.6667,152.4333,79.39,85,82,3.44
549,Kushima,JP,2021-12-17 18:3529,31.4583,131.2333,40.12,65,6,9.48
550,Abnub,EG,2021-12-17 18:3530,27.2696,31.1511,61.39,44,100,9.78
551,Gat,IL,2021-12-17 18:3530,31.61,34.7642,56.39,100,52,9.46
552,Rock Sound,BS,2021-12-17 18:3530,24.9,-76.2,78.33,67,0,19.22
553,Port Hardy,CA,2021-12-17 18:3530,50.6996,-127.4199,39.2,80,90,14.97
554,Yining,CN,2021-12-17 18:3531,29.0361,114.5636,38.12,56,6,2.77
555,Toora-Khem,RU,2021-12-17 18:3631,52.4675,96.11,1.49,97,100,1.81
556,Ondjiva,AO,2021-12-17 18:3631,-17.0667,15.7333,80.83,45,95,9.84
557,Mackay,AU,2021-12-17 18:3631,-21.15,149.2,78.78,65,75,13.8
558,Elliot,ZA,2021-12-17 18:3632,-31.3333,27.85,45.19,92,100,5.73
559,Catalina,US,2021-12-17 18:3632,32.5056,-110.9211,57.24,54,7,3.0
560,Nacala,MZ,2021-12-17 18:3632,-14.5428,40.6728,80.37,78,99,11.18
561,Exaplatanos,GR,2021-12-17 18:3633,40.9772,22.125,47.21,54,4,17.0
562,Grand-Santi,GF,2021-12-17 18:3633,4.25,-54.3833,87.1,56,95,2.66
563,Moron,AR,2021-12-17 18:3253,-34.6534,-58.6198,85.95,46,0,5.99
564,Muisne,EC,2021-12-17 18:3637,0.6,-80.0333,80.71,86,100,10.87
565,Priladozhskiy,RU,2021-12-17 18:3637,59.85,31.4833,31.66,97,87,6.98
566,Almansa,ES,2021-12-17 18:3637,38.8692,-1.0971,48.65,83,100,8.61
567,Minuri,PH,2021-12-17 18:3638,16.535,121.8574,73.04,99,100,1.39
568,Paranaiba,BR,2021-12-17 18:3638,-19.6772,-51.1908,81.95,75,100,5.95
569,Saint-Joseph,RE,2021-12-17 18:3638,-21.3667,55.6167,73.78,76,14,0.83
