City_ID,City,Country,Date,Lat,Lng,Max Temp,Humidity,Cloudiness,Wind Speed,Weather Description
0,Smithers,CA,2021-12-21 19:0745,54.7804,-127.1743,7.12,85,90,0.0,light snow
1,Kapaa,US,2021-12-21 19:0746,22.0752,-159.319,73.72,77,90,4.0,light rain
2,Warri,NG,2021-12-21 19:0746,5.5167,5.75,79.68,51,3,6.4,clear sky
3,Erenhot,CN,2021-12-21 19:0746,43.6475,111.9767,18.16,62,0,7.56,clear sky
4,Saint-Paul,RE,2021-12-21 19:0747,-21.0096,55.2707,78.91,96,100,2.13,light rain
5,Atuona,PF,2021-12-21 19:0747,-9.8,-139.0333,78.62,73,100,17.76,overcast clouds
6,Ancud,CL,2021-12-21 19:0747,-41.8697,-73.8203,75.22,64,0,7.72,clear sky
7,Jutai,BR,2021-12-21 19:0748,-5.1833,-68.9,84.65,83,89,2.37,overcast clouds
8,New Norfolk,AU,2021-12-21 19:0748,-42.7826,147.0587,53.92,48,100,3.0,overcast clouds
9,Victoria,HK,2021-12-21 19:0438,22.2855,114.1577,66.25,86,84,5.01,broken clouds
10,Aklavik,CA,2021-12-21 19:0748,68.2191,-135.0107,12.2,85,90,13.8,snow
11,Waipawa,NZ,2021-12-21 19:0748,-41.4122,175.5153,63.93,70,0,12.08,clear sky
12,Krasnyy Chikoy,RU,2021-12-21 19:0749,50.3643,108.7512,-4.29,100,86,1.16,overcast clouds
13,Chifeng,CN,2021-12-21 19:0749,42.2683,118.9636,17.31,58,85,2.98,overcast clouds
14,Wajir,KE,2021-12-21 19:0749,1.7471,40.0573,79.93,72,100,12.55,light rain
15,Chokurdakh,RU,2021-12-21 19:0750,70.6333,147.9167,-8.77,97,100,9.93,overcast clouds
16,Hobart,AU,2021-12-21 19:0750,-42.8794,147.3294,54.27,53,75,1.01,broken clouds
17,Qaanaaq,GL,2021-12-21 19:0750,77.484,-69.3632,31.53,70,20,10.13,few clouds
18,Itarema,BR,2021-12-21 19:0750,-2.9248,-39.9167,84.24,64,100,14.9,overcast clouds
19,Albany,US,2021-12-21 19:0726,42.6001,-73.9662,41.41,64,88,2.37,overcast clouds
20,Cabo San Lucas,MX,2021-12-21 19:0356,22.8909,-109.9124,80.62,57,1,5.99,clear sky
21,Hambantota,LK,2021-12-21 19:0751,6.1241,81.1185,77.34,100,0,2.3,clear sky
22,Demba,CD,2021-12-21 19:0751,-5.51,22.2667,70.03,97,100,3.47,light rain
23,East London,ZA,2021-12-21 19:0751,-33.0153,27.9116,71.11,89,54,14.43,broken clouds
24,Xining,CN,2021-12-21 19:0752,36.6167,101.7667,23.92,36,22,1.86,few clouds
25,Alofi,NU,2021-12-21 19:0752,-19.0595,-169.9187,80.49,74,75,14.97,broken clouds
26,Pasni,PK,2021-12-21 19:0752,25.2631,63.471,73.2,77,0,11.56,clear sky
27,Mataura,NZ,2021-12-21 19:0753,-46.1927,168.8643,57.47,61,37,7.99,scattered clouds
28,El Silencio,VE,2021-12-21 19:0753,10.5,-66.9167,79.65,69,40,1.01,scattered clouds
29,Padang,ID,2021-12-21 19:0753,-0.9492,100.3543,77.02,87,83,3.8,broken clouds
30,Ishigaki,JP,2021-12-21 19:0753,24.3448,124.1572,74.35,92,95,16.4,light rain
31,Ponta Do Sol,PT,2021-12-21 19:0754,32.6667,-17.1,66.83,83,99,10.09,overcast clouds
32,Puerto Ayora,EC,2021-12-21 19:0754,-0.7393,-90.3518,82.36,84,77,7.94,broken clouds
33,Tasiilaq,GL,2021-12-21 19:0754,65.6145,-37.6368,30.36,61,97,8.84,overcast clouds
34,Lima,PE,2021-12-21 19:0456,-12.0432,-77.0282,73.13,64,40,12.66,scattered clouds
35,Rikitea,PF,2021-12-21 19:0755,-23.1203,-134.9692,71.82,91,100,11.07,heavy intensity rain
36,Castro,BR,2021-12-21 19:0755,-24.7911,-50.0119,85.87,30,7,2.28,clear sky
37,Punta Arenas,CL,2021-12-21 19:0611,-53.15,-70.9167,62.71,51,40,42.57,scattered clouds
38,Busselton,AU,2021-12-21 19:0755,-33.65,115.3333,59.04,88,0,13.35,clear sky
39,Chern,RU,2021-12-21 19:0756,53.4523,36.9145,-7.38,100,86,5.12,overcast clouds
40,Ushuaia,AR,2021-12-21 19:0756,-54.8,-68.3,60.42,62,40,37.98,light rain
41,Thompson,CA,2021-12-21 19:0756,55.7435,-97.8558,-12.84,77,40,4.61,scattered clouds
42,Karratha,AU,2021-12-21 19:0756,-20.7377,116.8463,82.38,74,19,12.93,few clouds
43,Gilbues,BR,2021-12-21 19:0757,-9.8317,-45.3439,74.3,88,100,1.61,moderate rain
44,Maceio,BR,2021-12-21 19:0757,-9.6658,-35.7353,87.24,66,75,13.8,broken clouds
45,Murgab,TM,2021-12-21 19:0857,37.4966,61.9714,56.84,56,0,7.61,clear sky
46,Khatanga,RU,2021-12-21 19:0858,71.9667,102.5,-22.63,99,98,7.31,overcast clouds
47,Daru,PG,2021-12-21 19:0858,-9.0763,143.2092,78.62,82,88,3.27,overcast clouds
48,Bluff,NZ,2021-12-21 19:0858,-46.6,168.3333,57.79,67,70,24.4,broken clouds
49,Vung Tau,VN,2021-12-21 19:0858,10.346,107.0843,76.96,86,100,16.82,overcast clouds
50,Saint Paul,US,2021-12-21 19:0454,44.9444,-93.0933,24.76,75,90,3.0,overcast clouds
51,Peleduy,RU,2021-12-21 19:0859,59.6289,112.7406,-28.97,100,100,1.83,overcast clouds
52,Hermanus,ZA,2021-12-21 19:0859,-34.4187,19.2345,68.81,77,10,11.12,clear sky
53,Fortuna,US,2021-12-21 19:0859,40.5982,-124.1573,51.66,90,1,4.0,light rain
54,Jamestown,US,2021-12-21 19:0429,42.097,-79.2353,40.59,54,75,8.99,broken clouds
55,Hofn,IS,2021-12-21 19:0900,64.2539,-15.2082,31.96,71,37,9.13,scattered clouds
56,Bayan,CN,2021-12-21 19:0900,46.0833,127.4,-14.71,97,19,3.2,few clouds
57,Port Elizabeth,ZA,2021-12-21 19:0527,-33.918,25.5701,70.11,91,52,9.53,broken clouds
58,Akdagmadeni,TR,2021-12-21 19:0900,39.6603,35.8836,23.38,79,100,10.69,overcast clouds
59,Pisco,PE,2021-12-21 19:0901,-13.7,-76.2167,75.25,64,0,13.8,clear sky
60,Iqaluit,CA,2021-12-21 19:0901,63.7506,-68.5145,-5.31,76,100,40.0,snow
61,Morant Bay,JM,2021-12-21 19:0901,17.8815,-76.4093,84.61,72,97,8.39,overcast clouds
62,Mahebourg,MU,2021-12-21 19:0901,-20.4081,57.7,79.09,83,75,13.8,broken clouds
63,Avarua,CK,2021-12-21 19:0902,-21.2078,-159.775,78.85,73,75,8.05,broken clouds
64,Bredasdorp,ZA,2021-12-21 19:0902,-34.5322,20.0403,68.29,91,100,9.62,overcast clouds
65,Meulaboh,ID,2021-12-21 19:0902,4.1363,96.1285,75.81,90,40,3.8,scattered clouds
66,Orange Cove,US,2021-12-21 19:0902,36.6244,-119.3137,73.85,33,82,5.21,broken clouds
67,Faanui,PF,2021-12-21 19:0903,-16.4833,-151.75,78.33,79,100,10.09,moderate rain
68,Torbay,CA,2021-12-21 19:0528,47.6666,-52.7314,30.27,89,90,16.11,light snow
69,Chara,RU,2021-12-21 19:0903,56.9064,118.2631,-25.58,99,100,0.45,overcast clouds
70,La Crosse,US,2021-12-21 19:0649,43.8014,-91.2396,28.54,68,90,4.0,overcast clouds
71,Thinadhoo,MV,2021-12-21 19:0903,0.5333,72.9333,80.1,80,100,5.12,overcast clouds
72,Atocha,BO,2021-12-21 19:0904,-20.9333,-66.2333,51.76,72,100,6.73,overcast clouds
73,Cape Town,ZA,2021-12-21 19:0502,-33.9258,18.4232,73.11,75,19,1.99,few clouds
74,Pallattur,IN,2021-12-21 19:0904,10.15,78.8,71.35,79,20,6.51,few clouds
75,Anadyr,RU,2021-12-21 19:0904,64.75,177.4833,-13.52,62,87,7.38,overcast clouds
76,Pierre,US,2021-12-21 19:0905,44.3683,-100.351,30.85,53,1,1.01,clear sky
77,Vardo,NO,2021-12-21 19:0905,70.3705,31.1107,26.35,80,75,17.27,broken clouds
78,Bay Roberts,CA,2021-12-21 19:0905,47.5999,-53.2648,31.05,87,100,4.0,light snow
79,Bazaliya,UA,2021-12-21 19:0905,49.7127,26.4733,17.17,73,100,12.91,overcast clouds
80,Luderitz,NA,2021-12-21 19:0906,-26.6481,15.1594,61.48,86,0,1.79,clear sky
81,Imbituba,BR,2021-12-21 19:0906,-28.24,-48.6703,78.69,67,58,14.36,light rain
82,Mar Del Plata,AR,2021-12-21 19:0546,-38.0023,-57.5575,68.88,91,25,13.0,scattered clouds
83,Tuktoyaktuk,CA,2021-12-21 19:0906,69.4541,-133.0374,3.51,90,100,17.22,overcast clouds
84,Hilo,US,2021-12-21 19:0430,19.7297,-155.09,68.11,49,90,8.05,heavy intensity rain
85,Anloga,GH,2021-12-21 19:0907,5.7947,0.8973,83.07,57,25,11.7,scattered clouds
86,Zheleznodorozhnyy,RU,2021-12-21 19:0907,55.7503,38.0042,1.58,96,99,5.82,overcast clouds
87,Pringsewu,ID,2021-12-21 19:0907,-5.3582,104.9744,73.54,97,100,0.76,overcast clouds
88,Blankenburg,DE,2021-12-21 19:0907,51.7833,10.95,28.71,92,6,2.24,clear sky
89,Georgetown,MY,2021-12-21 19:0908,5.4112,100.3354,78.73,94,20,0.0,few clouds
90,Yerofey Pavlovich,RU,2021-12-21 19:1008,53.9667,121.9667,-24.59,93,76,2.68,broken clouds
91,Maniitsoq,GL,2021-12-21 19:1008,65.4167,-52.9,37.92,56,39,22.91,scattered clouds
92,Port Alfred,ZA,2021-12-21 19:1008,-33.5906,26.891,70.59,93,85,19.06,overcast clouds
93,Bubaque,GW,2021-12-21 19:1009,11.2833,-15.8333,82.9,55,99,10.29,overcast clouds
94,Matara,LK,2021-12-21 19:1009,5.9485,80.5353,76.35,89,14,2.35,few clouds
95,Anamur,TR,2021-12-21 19:1009,36.0751,32.8369,48.22,52,67,8.99,broken clouds
96,Zabid,YE,2021-12-21 19:1009,14.1951,43.3152,76.03,77,14,2.53,few clouds
97,Airai,TL,2021-12-21 19:1010,-8.9266,125.4092,60.17,93,100,1.07,overcast clouds
98,Saskylakh,RU,2021-12-21 19:1010,71.9167,114.0833,-22.18,99,99,4.43,overcast clouds
99,Upernavik,GL,2021-12-21 19:1010,72.7868,-56.1549,23.18,75,14,5.46,few clouds
100,Kruisfontein,ZA,2021-12-21 19:1010,-34.0033,24.7314,66.88,90,59,4.76,broken clouds
101,Saldanha,ZA,2021-12-21 19:1011,-33.0117,17.9442,66.6,84,97,10.87,light rain
102,Maksatikha,RU,2021-12-21 19:1011,57.797,35.8825,-14.93,100,73,3.09,broken clouds
103,Vaini,TO,2021-12-21 19:1011,-21.2,-175.2,82.56,94,75,8.05,light rain
104,Souillac,MU,2021-12-21 19:1012,-20.5167,57.5167,79.18,83,75,13.8,broken clouds
105,Norman Wells,CA,2021-12-21 19:1012,65.282,-126.8329,7.97,97,100,5.7,overcast clouds
106,Kamenka,RU,2021-12-21 19:1012,51.3223,42.7678,0.64,96,64,4.14,broken clouds
107,Agadez,NE,2021-12-21 19:1012,19.75,10.25,59.2,20,11,6.91,few clouds
108,Hasaki,JP,2021-12-21 19:1013,35.7333,140.8333,30.6,66,0,3.56,clear sky
109,Tarakan,ID,2021-12-21 19:1013,3.3,117.6333,78.3,94,20,2.3,few clouds
110,Coihaique,CL,2021-12-21 19:0909,-45.5752,-72.0662,75.15,29,0,4.61,clear sky
111,Bonavista,CA,2021-12-21 19:1013,48.6499,-53.1147,29.12,93,100,18.39,light snow
112,Port Hedland,AU,2021-12-21 19:1013,-20.3167,118.5667,84.25,74,90,10.36,overcast clouds
113,Mlonggo,ID,2021-12-21 19:1014,-6.5333,110.7,73.53,88,100,3.74,overcast clouds
114,Husavik,IS,2021-12-21 19:1014,66.0449,-17.3389,25.95,81,29,5.88,scattered clouds
115,Smalininkai,LT,2021-12-21 19:1014,55.0735,22.5793,21.65,60,6,6.6,clear sky
116,Alihe,CN,2021-12-21 19:1015,50.5667,123.7167,-15.74,95,5,2.53,clear sky
117,Dingle,PH,2021-12-21 19:1015,10.9995,122.6711,74.32,93,100,5.57,overcast clouds
118,Coquimbo,CL,2021-12-21 19:1015,-29.9533,-71.3436,69.53,60,0,14.97,clear sky
119,Severo-Kurilsk,RU,2021-12-21 19:1015,50.6789,156.125,22.57,73,7,12.12,clear sky
120,Ribeira Grande,PT,2021-12-21 19:1016,38.5167,-28.7,63.0,77,75,25.32,broken clouds
121,Katastarion,GR,2021-12-21 19:1016,37.8333,20.7667,49.1,53,0,11.12,clear sky
122,Ajdabiya,LY,2021-12-21 19:1016,30.7554,20.2263,56.25,60,0,5.37,clear sky
123,Umm Lajj,SA,2021-12-21 19:1017,25.0213,37.2685,66.47,54,100,14.63,overcast clouds
124,Tuatapere,NZ,2021-12-21 19:1017,-46.1333,167.6833,57.81,67,92,5.64,overcast clouds
125,Muisne,EC,2021-12-21 19:1017,0.6,-80.0333,75.24,88,100,11.3,overcast clouds
126,Te Anau,NZ,2021-12-21 19:1017,-45.4167,167.7167,57.31,71,27,9.01,scattered clouds
127,Rehoboth,NA,2021-12-21 19:1018,-23.3167,17.0833,73.42,28,7,15.14,clear sky
128,Salalah,OM,2021-12-21 19:1018,17.0151,54.0924,73.49,68,0,4.61,clear sky
129,Russell,US,2021-12-21 19:1018,32.3502,-85.1999,42.12,92,90,5.75,mist
130,Butterworth,MY,2021-12-21 19:1019,5.3991,100.3638,78.84,94,20,0.0,few clouds
131,Fomboni,KM,2021-12-21 19:1019,-12.28,43.7425,82.42,69,0,1.45,clear sky
132,Butaritari,KI,2021-12-21 19:1019,3.0707,172.7902,81.05,71,100,6.87,overcast clouds
133,Northam,GB,2021-12-21 19:1019,51.0333,-4.2167,45.01,85,100,14.76,overcast clouds
134,Ostrovnoy,RU,2021-12-21 19:1120,68.0531,39.5131,24.71,67,100,14.7,overcast clouds
135,Lagoa,PT,2021-12-21 19:1120,39.05,-27.9833,60.37,79,100,26.64,overcast clouds
136,Abu Samrah,SY,2021-12-21 19:1120,35.3029,37.1841,48.96,76,23,12.19,few clouds
137,Touros,BR,2021-12-21 19:1121,-5.1989,-35.4608,85.1,64,36,11.41,scattered clouds
138,Luau,AO,2021-12-21 19:1121,-10.7073,22.2247,67.82,96,100,2.91,overcast clouds
139,Uddevalla,SE,2021-12-21 19:1121,58.3478,11.9424,31.06,93,100,6.22,overcast clouds
140,Bratsk,RU,2021-12-21 19:1121,56.1325,101.6142,-25.11,96,10,2.59,clear sky
141,Baoning,CN,2021-12-21 19:1122,25.3378,110.026,52.77,80,0,4.05,clear sky
142,San Jose,US,2021-12-21 19:0705,37.3394,-121.895,59.86,66,20,0.0,few clouds
143,Tilichiki,RU,2021-12-21 19:1122,60.4667,166.1,6.8,94,100,12.03,overcast clouds
144,Bengkulu,ID,2021-12-21 19:1122,-3.8004,102.2655,77.41,86,98,4.99,overcast clouds
145,Seoul,KR,2021-12-21 19:0649,37.5683,126.9778,31.44,30,0,2.59,clear sky
146,Pacific Grove,US,2021-12-21 19:1123,36.6177,-121.9166,59.58,68,1,1.99,clear sky
147,Yellowknife,CA,2021-12-21 19:1123,62.456,-114.3525,-22.02,99,71,4.09,broken clouds
148,Birobidzhan,RU,2021-12-21 19:1124,48.8,132.95,-18.44,95,12,3.89,few clouds
149,Springfield,US,2021-12-21 19:1124,37.2153,-93.2982,54.43,52,1,8.99,clear sky
150,Siverek,TR,2021-12-21 19:1124,37.755,39.3167,36.21,86,43,3.31,scattered clouds
151,Ardabil,IR,2021-12-21 19:1124,38.2498,48.2933,36.55,59,3,21.18,clear sky
152,Palana,RU,2021-12-21 19:1125,59.1167,159.9667,5.83,86,100,8.84,overcast clouds
153,Pevek,RU,2021-12-21 19:1125,69.7008,170.3133,-10.41,84,100,8.08,overcast clouds
154,Lakes Entrance,AU,2021-12-21 19:1125,-37.8811,147.981,60.57,92,14,6.89,few clouds
155,Banda Aceh,ID,2021-12-21 19:1126,5.5577,95.3222,76.23,84,33,4.97,scattered clouds
156,Perevolotskiy,RU,2021-12-21 19:1126,51.8763,54.1938,30.45,94,100,11.14,overcast clouds
157,Moose Factory,CA,2021-12-21 19:1126,51.2585,-80.6094,4.77,80,100,6.13,overcast clouds
158,Arraial Do Cabo,BR,2021-12-21 19:1126,-22.9661,-42.0278,78.66,69,0,18.41,clear sky
159,Longyearbyen,SJ,2021-12-21 19:1127,78.2186,15.6401,17.44,79,75,10.36,broken clouds
160,Solhan,TR,2021-12-21 19:1127,38.9634,41.0293,20.1,98,91,4.61,overcast clouds
161,The Valley,AI,2021-12-21 19:1127,18.217,-63.0578,82.81,69,20,16.11,few clouds
162,Fairbanks,US,2021-12-21 19:1047,64.8378,-147.7164,21.16,74,75,0.0,broken clouds
163,Starkville,US,2021-12-21 19:0806,33.4504,-88.8184,48.94,89,75,0.0,broken clouds
164,Berlevag,NO,2021-12-21 19:1128,70.8578,29.0864,26.55,80,40,17.27,scattered clouds
165,Bethel,US,2021-12-21 19:0942,41.3712,-73.414,42.89,56,1,0.0,clear sky
166,Cayenne,GF,2021-12-21 19:1128,4.9333,-52.3333,86.04,82,75,7.0,broken clouds
167,Korla,CN,2021-12-21 19:1128,41.7597,86.1469,25.09,59,0,2.21,clear sky
168,Ayan,RU,2021-12-21 19:1128,56.45,138.1667,-13.77,68,100,12.41,overcast clouds
169,Kavieng,PG,2021-12-21 19:1129,-2.5744,150.7967,82.08,77,100,7.92,overcast clouds
170,Pokrovsk,UA,2021-12-21 19:1129,48.282,37.1758,19.36,78,78,8.7,broken clouds
171,Provideniya,RU,2021-12-21 19:1129,64.3833,-173.3,2.79,82,100,5.7,overcast clouds
172,Dhidhdhoo,MV,2021-12-21 19:1130,6.8833,73.1,81.32,74,66,6.33,broken clouds
173,Bom Despacho,BR,2021-12-21 19:1025,-19.7364,-45.2522,79.18,64,37,0.72,scattered clouds
174,Poggibonsi,IT,2021-12-21 19:1130,43.4724,11.1456,50.95,100,90,3.24,overcast clouds
175,Talnakh,RU,2021-12-21 19:1130,69.4865,88.3972,-23.17,89,54,9.22,broken clouds
176,Igrim,RU,2021-12-21 19:1130,63.1906,64.4162,-9.38,99,100,6.13,overcast clouds
177,Waingapu,ID,2021-12-21 19:1131,-9.6567,120.2641,79.93,86,100,7.54,overcast clouds
178,Teknaf,BD,2021-12-21 19:1231,20.8624,92.3058,62.06,78,8,3.13,clear sky
179,Chachapoyas,PE,2021-12-21 19:1231,-6.2317,-77.869,66.15,79,47,5.12,moderate rain
180,Caravelas,BR,2021-12-21 19:1231,-17.7125,-39.2481,79.99,70,83,6.15,broken clouds
181,Diamantino,BR,2021-12-21 19:1232,-14.4086,-56.4461,82.24,80,100,7.56,moderate rain
182,Yaan,NG,2021-12-21 19:1232,7.3833,8.5667,84.54,20,8,6.33,clear sky
183,Dawson Creek,CA,2021-12-21 19:1232,55.7666,-120.2362,17.87,94,100,3.58,light snow
184,Lumphat,KH,2021-12-21 19:1233,13.4878,106.9816,70.48,92,42,4.41,scattered clouds
185,Lorengau,PG,2021-12-21 19:1233,-2.0226,147.2712,80.37,84,100,5.84,overcast clouds
186,Carnarvon,AU,2021-12-21 19:1233,-24.8667,113.6333,71.67,78,8,20.71,clear sky
187,Blagoyevo,RU,2021-12-21 19:1233,63.3667,47.9167,-0.81,95,100,6.44,overcast clouds
188,Ruteng,ID,2021-12-21 19:1234,-8.6136,120.4721,63.52,85,100,2.46,overcast clouds
189,Severomorsk,RU,2021-12-21 19:1234,69.0689,33.4162,19.8,93,100,4.68,overcast clouds
190,Polonnaruwa,LK,2021-12-21 19:1234,7.9333,81.0,71.76,88,6,2.04,clear sky
191,Sitka,US,2021-12-21 19:1223,57.0531,-135.33,37.29,87,90,9.22,light rain
192,Cherskiy,RU,2021-12-21 19:1234,68.75,161.3,-15.86,98,100,10.47,overcast clouds
193,Henties Bay,NA,2021-12-21 19:1235,-22.116,14.2845,65.86,87,0,5.93,clear sky
194,Geraldton,AU,2021-12-21 19:1235,-28.7667,114.6,70.21,68,90,17.27,overcast clouds
195,Nong Han,TH,2021-12-21 19:1235,17.3608,103.1053,74.01,65,28,4.0,scattered clouds
196,Komsomolskiy,UZ,2021-12-21 19:1235,40.4272,71.7189,35.02,37,100,4.18,overcast clouds
197,Jeremie,HT,2021-12-21 19:1236,18.65,-74.1167,81.46,68,73,2.71,broken clouds
198,Kaele,CM,2021-12-21 19:1236,10.1092,14.4508,77.14,22,7,8.79,clear sky
199,Shangqiu,CN,2021-12-21 19:1236,34.45,115.65,42.64,41,0,2.93,clear sky
200,Dikson,RU,2021-12-21 19:1237,73.5069,80.5464,-24.59,92,100,16.44,overcast clouds
201,Messina,IT,2021-12-21 19:0856,38.1933,15.5497,56.88,71,75,4.0,broken clouds
202,Neiafu,TO,2021-12-21 19:1237,-18.65,-173.9833,83.08,74,40,9.22,light rain
203,Nakusp,CA,2021-12-21 19:1237,50.2499,-117.8023,18.48,91,100,1.86,overcast clouds
204,Ketchikan,US,2021-12-21 19:1237,55.3422,-131.6461,33.12,99,100,9.86,snow
205,Urcos,PE,2021-12-21 19:1238,-13.6861,-71.6228,69.69,49,100,5.55,overcast clouds
206,Ron,IN,2021-12-21 19:1238,15.6667,75.7333,67.06,57,6,6.17,clear sky
207,Quarai,BR,2021-12-21 19:1238,-30.3875,-56.4514,97.63,26,100,9.93,light rain
208,Neyshabur,IR,2021-12-21 19:1239,36.2133,58.7958,51.75,45,100,0.63,overcast clouds
209,Porto Novo,BJ,2021-12-21 19:1239,6.4965,2.6036,81.37,49,5,5.82,clear sky
210,Adrar,MR,2021-12-21 19:1239,20.5022,-10.0711,73.4,20,100,8.43,overcast clouds
211,Chuy,UY,2021-12-21 19:1239,-33.6971,-53.4616,74.52,54,100,4.23,overcast clouds
212,Boyolangu,ID,2021-12-21 19:1240,-8.1181,111.8935,75.92,89,100,3.71,overcast clouds
213,Severodvinsk,RU,2021-12-21 19:1240,64.5635,39.8302,-7.49,93,100,7.05,overcast clouds
214,Elbistan,TR,2021-12-21 19:1240,38.2059,37.1983,17.65,92,82,1.23,broken clouds
215,Mvuma,ZW,2021-12-21 19:1240,-19.2792,30.5283,64.15,91,100,5.88,light rain
216,Kodiak,US,2021-12-21 19:1241,57.79,-152.4072,31.37,78,2,11.61,clear sky
217,San Patricio,US,2021-12-21 19:1241,28.017,-97.5169,67.01,51,1,1.63,clear sky
218,Kurchum,KZ,2021-12-21 19:1241,48.5722,83.6542,23.81,96,100,3.13,overcast clouds
219,Dalbeattie,GB,2021-12-21 19:1241,54.9328,-3.8227,35.01,81,100,3.91,overcast clouds
220,Jalu,LY,2021-12-21 19:1242,29.0331,21.5482,56.08,41,0,5.95,clear sky
221,Khandbari,NP,2021-12-21 19:1242,27.3747,87.2039,48.79,65,1,4.38,clear sky
222,Hirara,JP,2021-12-21 19:1242,24.8,125.2833,72.93,87,100,30.6,overcast clouds
223,Arlit,NE,2021-12-21 19:1242,18.7369,7.3853,65.53,17,8,11.95,clear sky
224,Petropavlovsk-Kamchatskiy,RU,2021-12-21 19:1243,53.0452,158.6483,0.19,78,0,6.71,clear sky
225,Sambava,MG,2021-12-21 19:1243,-14.2667,50.1667,79.61,83,100,2.13,overcast clouds
226,Nome,US,2021-12-21 19:1343,64.5011,-165.4064,-1.1,100,96,3.42,overcast clouds
227,Flagstaff,US,2021-12-21 19:1311,35.1981,-111.6513,49.12,20,1,0.0,clear sky
228,Barrow,US,2021-12-21 19:1344,71.2906,-156.7887,-2.18,78,90,26.46,heavy snow
229,Ossora,RU,2021-12-21 19:1344,59.2353,163.0719,16.29,93,100,15.61,snow
230,Lakatoro,VU,2021-12-21 19:1344,-16.0999,167.4164,80.31,79,15,1.32,few clouds
231,Fort Nelson,CA,2021-12-21 19:1344,58.8053,-122.7002,16.83,90,100,2.44,overcast clouds
232,Puerto Carreno,CO,2021-12-21 19:1345,6.189,-67.4859,94.08,45,62,8.5,broken clouds
233,Garden City,US,2021-12-21 19:1312,42.3256,-83.331,38.82,80,90,1.99,haze
234,Taywarah,AF,2021-12-21 19:1345,33.35,64.4167,37.18,59,100,2.46,overcast clouds
235,Dudinka,RU,2021-12-21 19:1345,69.4058,86.1778,-27.99,94,92,8.03,overcast clouds
236,Gambiran,ID,2021-12-21 19:1346,-6.7988,111.4951,74.77,93,100,2.51,overcast clouds
237,Necochea,AR,2021-12-21 19:1346,-38.5473,-58.7368,83.03,49,68,14.67,broken clouds
238,Lanjaghbyur,AM,2021-12-21 19:1346,40.2715,45.1404,21.97,86,97,7.92,snow
239,Bulgan,MN,2021-12-21 19:1346,48.8125,103.5347,7.09,92,85,0.89,overcast clouds
240,Huilong,CN,2021-12-21 19:1347,31.8111,121.655,51.04,67,0,4.54,clear sky
241,Colares,PT,2021-12-21 19:1347,38.7992,-9.4469,62.33,75,40,13.0,light rain
242,Delijan,IR,2021-12-21 19:1347,33.9905,50.6838,44.13,28,0,4.29,clear sky
243,Olafsvik,IS,2021-12-21 19:1347,64.8945,-23.7142,36.3,66,100,15.5,overcast clouds
244,Slawno,PL,2021-12-21 19:1348,54.3628,16.6789,30.02,63,42,5.66,scattered clouds
245,Quatre Cocos,MU,2021-12-21 19:1348,-20.2078,57.7625,78.91,81,96,15.95,light rain
246,Plastun,RU,2021-12-21 19:1348,44.7561,136.2939,3.81,65,4,17.11,clear sky
247,Tateyama,JP,2021-12-21 19:1349,34.9833,139.8667,46.42,64,0,6.33,clear sky
248,Hastings,GB,2021-12-21 19:1349,50.8552,0.5729,37.15,71,83,9.78,broken clouds
249,Marienburg,PL,2021-12-21 19:1349,54.0359,19.0266,28.11,75,100,7.94,light snow
250,Invermere,CA,2021-12-21 19:1349,50.5167,-116.0354,11.26,80,17,1.52,few clouds
251,Chilca,PE,2021-12-21 19:1350,-12.5211,-76.7372,74.84,75,97,8.43,overcast clouds
252,Yerbogachen,RU,2021-12-21 19:1350,61.2767,108.0108,-38.04,100,50,2.13,scattered clouds
253,Laredo,US,2021-12-21 19:1208,27.5064,-99.5075,69.8,56,1,3.44,clear sky
254,Lockhart,US,2021-12-21 19:1350,28.6194,-81.4426,71.69,74,90,3.0,mist
255,Binga,ZW,2021-12-21 19:1351,-17.6203,27.3414,75.13,73,100,2.71,overcast clouds
256,Wasilla,US,2021-12-21 19:1348,61.5814,-149.4394,21.4,89,90,3.44,light snow
257,Hithadhoo,MV,2021-12-21 19:1351,-0.6,73.0833,80.91,76,99,1.48,overcast clouds
258,Nanortalik,GL,2021-12-21 19:1351,60.1432,-45.2371,40.78,80,100,22.35,light rain
259,Constitucion,CL,2021-12-21 19:1352,-35.3333,-72.4167,71.94,52,5,17.96,clear sky
260,Rancho Palos Verdes,US,2021-12-21 19:1352,33.7445,-118.387,67.06,62,75,3.0,broken clouds
261,Palmer,US,2021-12-21 19:1352,42.1584,-72.3287,43.5,56,75,3.0,broken clouds
262,Laguna,US,2021-12-21 19:1352,38.421,-121.4238,55.2,87,90,0.0,mist
263,Dalvik,IS,2021-12-21 19:1353,65.9702,-18.5286,25.41,88,82,5.84,broken clouds
264,Sharan,RU,2021-12-21 19:1353,54.8167,54.0,26.13,97,100,7.72,light snow
265,Altay,CN,2021-12-21 19:1353,47.8667,88.1167,15.71,83,39,7.18,scattered clouds
266,Southbridge,US,2021-12-21 19:1353,42.0751,-72.0334,43.21,60,100,1.99,overcast clouds
267,Egvekinot,RU,2021-12-21 19:1354,66.3167,-179.1667,-22.79,79,5,0.58,clear sky
268,Bilibino,RU,2021-12-21 19:1354,68.0546,166.4372,-29.92,100,96,2.17,overcast clouds
269,Neftcala,AZ,2021-12-21 19:1354,39.3742,49.2472,49.8,76,48,18.43,scattered clouds
270,Flinders,AU,2021-12-21 19:1355,-34.5833,150.8552,70.21,87,81,7.05,broken clouds
271,Kalemie,CD,2021-12-21 19:1355,-5.9475,29.1947,71.01,84,94,0.36,light rain
272,Porec,HR,2021-12-21 19:1455,45.2258,13.5939,41.61,76,98,7.74,overcast clouds
273,Saint George,US,2021-12-21 19:1455,37.1041,-113.5841,57.34,70,1,0.0,clear sky
274,Duluth,US,2021-12-21 19:1456,46.7833,-92.1066,16.29,73,75,1.99,light snow
275,Balkanabat,TM,2021-12-21 19:1456,39.5108,54.3671,48.16,81,1,7.54,clear sky
276,Grindavik,IS,2021-12-21 19:1456,63.8424,-22.4338,37.87,93,75,8.05,broken clouds
277,Svetlyy,RU,2021-12-21 19:1456,54.675,20.1347,21.25,81,98,6.58,light snow
278,Biu,NG,2021-12-21 19:1457,10.6129,12.1946,71.73,25,0,10.02,clear sky
279,Batagay-Alyta,RU,2021-12-21 19:1457,67.8006,130.4114,-24.65,94,100,1.66,overcast clouds
280,Djambala,CG,2021-12-21 19:1457,-2.5447,14.7533,73.09,77,93,1.99,overcast clouds
281,Lompoc,US,2021-12-21 19:1206,34.6391,-120.4579,63.12,68,1,4.61,clear sky
282,Toora-Khem,RU,2021-12-21 19:1458,52.4675,96.11,8.53,98,97,3.22,overcast clouds
283,Le Port,RE,2021-12-21 19:1458,-20.9373,55.2919,78.8,96,100,3.56,light rain
284,Sao Felix Do Xingu,BR,2021-12-21 19:1458,-6.6447,-51.995,80.83,88,100,0.27,overcast clouds
285,Marsa Matruh,EG,2021-12-21 19:1458,31.3525,27.2453,59.04,68,6,12.84,clear sky
286,Rudnya,RU,2021-12-21 19:1459,54.947,31.0934,8.73,86,100,11.01,overcast clouds
287,Xalpatlahuac,MX,2021-12-21 19:1459,17.4667,-98.6167,74.59,46,100,3.06,overcast clouds
288,Vao,NC,2021-12-21 19:1459,-22.6667,167.4833,75.99,80,86,12.55,overcast clouds
289,Vrangel,RU,2021-12-21 19:1500,42.7297,133.0839,10.96,58,0,15.35,clear sky
290,Vacaville,US,2021-12-21 19:1311,38.3566,-121.9877,53.65,82,75,1.01,broken clouds
291,Chanderi,IN,2021-12-21 19:1500,24.7167,78.1333,54.64,28,0,1.63,clear sky
292,Jumla,NP,2021-12-21 19:1500,29.2747,82.1838,32.4,65,30,3.69,scattered clouds
293,Kharan,PK,2021-12-21 19:1500,28.5833,65.4167,62.91,22,17,0.65,few clouds
294,Murdochville,CA,2021-12-21 19:1501,48.9583,-65.5006,13.57,78,95,16.08,overcast clouds
295,Cidreira,BR,2021-12-21 19:1501,-30.1811,-50.2056,77.74,73,100,11.59,overcast clouds
296,Rabo De Peixe,PT,2021-12-21 19:1501,37.8,-25.5833,66.27,100,75,20.71,broken clouds
297,Bria,CF,2021-12-21 19:1502,6.5423,21.9863,79.57,35,100,4.03,overcast clouds
298,Alice Springs,AU,2021-12-21 19:1502,-23.7,133.8833,76.55,23,74,6.91,broken clouds
299,Klaksvik,FO,2021-12-21 19:1502,62.2266,-6.589,32.92,63,98,11.45,overcast clouds
300,Haines Junction,CA,2021-12-21 19:1502,60.7522,-137.5108,24.75,80,100,3.44,overcast clouds
301,Baherden,TM,2021-12-21 19:1503,38.4362,57.4316,54.82,41,0,8.25,clear sky
302,Lasa,IT,2021-12-21 19:1503,46.6166,10.7002,28.36,54,2,3.09,clear sky
303,Kahului,US,2021-12-21 19:1235,20.8947,-156.47,71.62,86,40,13.8,light rain
304,Jiangyou,CN,2021-12-21 19:1503,31.7667,104.7167,44.35,77,0,3.29,clear sky
305,Longavi,CL,2021-12-21 19:1504,-35.9667,-71.6833,95.67,7,0,12.17,clear sky
306,Hamilton,US,2021-12-21 19:1154,39.1834,-84.5333,46.58,67,1,1.01,clear sky
307,Ericeira,PT,2021-12-21 19:1504,38.9627,-9.4156,61.59,86,100,21.23,overcast clouds
308,Batemans Bay,AU,2021-12-21 19:1504,-35.7167,150.1833,67.1,89,100,1.66,overcast clouds
309,Kuusamo,FI,2021-12-21 19:1504,65.9667,29.1833,10.44,92,20,8.05,few clouds
310,Parainen,FI,2021-12-21 19:1505,60.3067,22.301,12.88,82,6,7.96,clear sky
311,Bridlington,GB,2021-12-21 19:1505,54.0831,-0.1919,38.89,79,99,7.54,overcast clouds
312,Katsuura,JP,2021-12-21 19:1505,35.1333,140.3,46.51,66,0,6.31,clear sky
313,Zhuanghe,CN,2021-12-21 19:1506,39.7008,122.9911,27.55,30,5,5.32,clear sky
314,Baraut,IN,2021-12-21 19:1506,29.1,77.2667,49.95,24,84,3.4,broken clouds
315,Sioux Lookout,CA,2021-12-21 19:1506,50.1001,-91.917,3.58,87,100,2.19,overcast clouds
316,Tonj,SS,2021-12-21 19:1506,7.2737,28.6822,79.14,26,15,4.25,few clouds
317,Taltal,CL,2021-12-21 19:1507,-25.4,-70.4833,68.2,73,63,6.24,broken clouds
318,Iralaya,HN,2021-12-21 19:1507,15.0,-83.2333,82.0,62,100,6.24,overcast clouds
319,Aksarka,RU,2021-12-21 19:1607,66.5606,67.7975,-20.29,100,85,1.36,overcast clouds
320,Pochutla,MX,2021-12-21 19:1608,15.7432,-96.4661,87.82,50,49,9.26,scattered clouds
321,Najran,SA,2021-12-21 19:1608,17.4924,44.1277,63.25,27,100,2.26,overcast clouds
322,Bathsheba,BB,2021-12-21 19:1608,13.2167,-59.5167,84.81,65,40,20.71,scattered clouds
323,Kholm,RU,2021-12-21 19:1608,59.2667,32.85,5.81,98,99,2.93,overcast clouds
324,Sinnamary,GF,2021-12-21 19:1609,5.3833,-52.95,80.92,83,100,10.33,overcast clouds
325,Kongsvinger,NO,2021-12-21 19:1606,60.1905,11.9977,25.47,97,99,3.91,light snow
326,Gerash,IR,2021-12-21 19:1609,27.6652,54.1371,57.34,53,6,6.06,clear sky
327,Moree,AU,2021-12-21 19:1609,-29.4667,149.85,69.82,94,100,11.5,overcast clouds
328,Namibe,AO,2021-12-21 19:1610,-15.1961,12.1522,71.06,71,57,13.49,broken clouds
329,Tra Vinh,VN,2021-12-21 19:1610,9.9347,106.3453,74.75,93,95,7.31,overcast clouds
330,Asau,RO,2021-12-21 19:1610,46.4333,26.4,21.96,86,86,0.89,overcast clouds
331,Hailar,CN,2021-12-21 19:1610,49.2,119.7,-21.62,99,93,3.87,overcast clouds
332,Makakilo City,US,2021-12-21 19:1611,21.3469,-158.0858,72.01,76,20,5.75,light rain
333,Guhagar,IN,2021-12-21 19:1611,17.4842,73.1929,69.82,71,0,4.76,clear sky
334,Pacifica,US,2021-12-21 19:1611,37.6138,-122.4869,56.68,74,20,3.0,few clouds
335,Rio Gallegos,AR,2021-12-21 19:1611,-51.6226,-69.2181,71.65,35,40,43.73,scattered clouds
336,Sterling,US,2021-12-21 19:1612,39.0062,-77.4286,43.34,57,90,1.01,overcast clouds
337,Timra,SE,2021-12-21 19:1612,62.487,17.3257,4.68,85,12,9.22,few clouds
338,Tiksi,RU,2021-12-21 19:1259,71.6872,128.8694,-14.69,98,100,8.9,overcast clouds
339,Sao Joao Da Barra,BR,2021-12-21 19:1612,-21.6403,-41.0511,78.89,77,35,14.07,scattered clouds
340,Golden,US,2021-12-21 19:1602,39.7555,-105.2211,60.51,17,20,5.01,few clouds
341,Mackenzie,CA,2021-12-21 19:1613,55.2999,-123.1698,8.82,85,90,8.05,snow
342,Chernyshevskiy,RU,2021-12-21 19:1613,63.0128,112.4714,-40.27,100,100,1.25,overcast clouds
343,Santa Cruz,BO,2021-12-21 19:1519,-17.8,-63.1667,80.06,89,75,6.91,light rain
344,George,ZA,2021-12-21 19:1613,-33.963,22.4617,62.15,100,75,6.91,broken clouds
345,Cam Ranh,VN,2021-12-21 19:1613,11.9214,109.1591,73.36,83,75,5.75,broken clouds
346,Kaitangata,NZ,2021-12-21 19:1614,-46.2817,169.8464,57.92,68,100,6.33,overcast clouds
347,Saint-Francois,FR,2021-12-21 19:1614,46.4154,3.9054,29.68,91,11,2.3,few clouds
348,Kalocsa,HU,2021-12-21 19:1614,46.5264,18.9858,28.06,62,98,3.11,overcast clouds
349,Skjervoy,NO,2021-12-21 19:1615,70.0311,20.9714,26.78,58,100,11.45,overcast clouds
350,Nelson Bay,AU,2021-12-21 19:1615,-32.7167,152.15,75.0,93,100,12.66,moderate rain
351,Bakchar,RU,2021-12-21 19:1615,57.0186,82.0711,3.18,98,99,4.21,overcast clouds
352,Honiara,SB,2021-12-21 19:1218,-9.4333,159.95,78.24,86,100,2.86,overcast clouds
353,Leningradskiy,RU,2021-12-21 19:1615,69.3833,178.4167,0.37,67,14,25.97,few clouds
354,Khorixas,NA,2021-12-21 19:1616,-20.3667,14.9667,70.34,38,0,13.49,clear sky
355,Namangan,UZ,2021-12-21 19:1616,40.9983,71.6726,34.25,80,100,0.0,mist
356,Shenjiamen,CN,2021-12-21 19:1616,29.9576,122.298,53.49,62,6,9.8,clear sky
357,Nadym,RU,2021-12-21 19:1617,65.5333,72.5167,-7.38,99,93,9.04,overcast clouds
358,Broome,US,2021-12-21 19:1617,42.2506,-75.833,41.67,59,1,3.0,clear sky
359,Liepaja,LV,2021-12-21 19:1617,56.5419,21.0367,17.65,86,20,3.44,few clouds
360,Bilma,NE,2021-12-21 19:1617,18.6853,12.9164,63.37,21,47,8.55,scattered clouds
361,Amahai,ID,2021-12-21 19:1618,-3.3333,128.9167,78.94,82,100,3.89,overcast clouds
362,Maryville,US,2021-12-21 19:1618,35.7565,-83.9705,50.16,73,90,1.99,overcast clouds
363,San Policarpo,PH,2021-12-21 19:1618,12.1791,125.5072,78.98,81,100,2.62,overcast clouds
364,Zhezkazgan,KZ,2021-12-21 19:1618,47.8043,67.7144,28.85,90,100,15.88,overcast clouds
365,Sokolo,ML,2021-12-21 19:1619,14.7328,-6.1219,79.93,13,100,10.2,overcast clouds
366,Los Llanos De Aridane,ES,2021-12-21 19:1619,28.6585,-17.9182,64.15,97,75,1.99,broken clouds
367,Manokwari,ID,2021-12-21 19:1619,-0.8667,134.0833,78.58,85,100,5.91,moderate rain
368,Yulara,AU,2021-12-21 19:1619,-25.2406,130.9889,84.04,18,5,9.22,clear sky
369,Alyangula,AU,2021-12-21 19:1720,-13.8483,136.4192,83.26,73,95,6.8,overcast clouds
370,Banyo,CM,2021-12-21 19:1720,6.75,11.8167,74.03,34,58,3.13,broken clouds
371,Phan Thiet,VN,2021-12-21 19:1720,10.9333,108.1,72.93,93,99,7.56,overcast clouds
372,Huarmey,PE,2021-12-21 19:1721,-10.0681,-78.1522,73.15,71,11,9.51,few clouds
373,Arman,RU,2021-12-21 19:1721,59.7,150.1667,-1.16,78,100,10.02,overcast clouds
374,Sorong,ID,2021-12-21 19:1721,-0.8833,131.25,80.91,80,100,8.81,light rain
375,Wukari,NG,2021-12-21 19:1721,7.85,9.7833,80.96,23,6,5.68,clear sky
376,Srednekolymsk,RU,2021-12-21 19:1722,67.45,153.6833,-28.1,96,72,7.54,broken clouds
377,Vostok,RU,2021-12-21 19:1722,46.4856,135.8833,-12.82,99,100,3.49,overcast clouds
378,Seminole,US,2021-12-21 19:1722,28.7086,-81.2081,72.27,93,90,1.01,light rain
379,Bull Savanna,JM,2021-12-21 19:1723,17.8868,-77.5902,81.41,63,71,13.2,broken clouds
380,Ugoofaaru,MV,2021-12-21 19:1723,5.6667,73.0,81.18,74,96,6.55,overcast clouds
381,Saint-Philippe,RE,2021-12-21 19:1723,-21.3585,55.7679,78.39,89,98,13.4,light rain
382,Portland,US,2021-12-21 19:1613,45.5234,-122.6762,44.11,86,75,1.99,broken clouds
383,Itaperucu,BR,2021-12-21 19:1723,-25.22,-49.3478,86.32,42,81,1.61,broken clouds
384,Ogulin,HR,2021-12-21 19:1724,45.2661,15.2286,40.28,73,30,0.96,scattered clouds
385,Tezu,IN,2021-12-21 19:1724,27.9167,96.1667,58.39,46,49,4.07,scattered clouds
386,Bend,US,2021-12-21 19:1338,44.0582,-121.3153,44.6,70,75,1.01,broken clouds
387,Ayia Galini,GR,2021-12-21 19:1724,35.1,24.6833,54.99,72,48,6.42,scattered clouds
388,Inirida,CO,2021-12-21 19:1725,3.8653,-67.9239,86.68,72,98,1.12,overcast clouds
389,Baependi,BR,2021-12-21 19:1453,-21.9589,-44.89,77.02,67,7,4.76,clear sky
390,Gilgit,PK,2021-12-21 19:1725,35.9221,74.3087,32.27,46,56,1.41,broken clouds
391,Boa Vista,BR,2021-12-21 19:1725,2.8197,-60.6733,91.38,49,75,9.22,broken clouds
392,Doha,QA,2021-12-21 19:1725,25.2867,51.5333,75.18,50,0,8.05,clear sky
393,Birjand,IR,2021-12-21 19:1726,32.8663,59.2211,50.47,71,75,4.61,broken clouds
394,Maarianhamina,AX,2021-12-21 19:1726,60.0973,19.9348,6.66,85,0,1.14,clear sky
395,Narsaq,GL,2021-12-21 19:1726,60.9167,-46.05,46.62,64,100,11.95,overcast clouds
396,La Ronge,CA,2021-12-21 19:1727,55.1001,-105.2842,5.25,78,75,5.75,broken clouds
397,Aykhal,RU,2021-12-21 19:1727,66.0,111.5,-19.12,100,100,4.18,overcast clouds
398,Baykit,RU,2021-12-21 19:1727,61.67,96.37,-27.11,99,22,0.63,few clouds
399,Paka,MY,2021-12-21 19:1727,4.6374,103.4368,76.93,94,100,0.0,overcast clouds
400,Cabedelo,BR,2021-12-21 19:1728,-6.9811,-34.8339,84.87,70,100,8.66,overcast clouds
401,Zaraza,VE,2021-12-21 19:1728,9.3503,-65.3245,87.73,50,100,5.68,overcast clouds
402,Abha,SA,2021-12-21 19:1728,18.2164,42.5053,58.82,94,100,0.0,overcast clouds
403,Jacareacanga,BR,2021-12-21 19:1728,-6.2222,-57.7528,93.51,59,0,4.61,clear sky
404,Nchelenge,ZM,2021-12-21 19:1729,-9.3451,28.734,71.89,84,100,4.61,overcast clouds
405,Akureyri,IS,2021-12-21 19:1729,65.6835,-18.0878,19.33,100,20,3.44,few clouds
406,Sao Pedro Do Sul,BR,2021-12-21 19:1729,-29.6206,-54.1789,99.61,25,24,1.79,moderate rain
407,Ippy,CF,2021-12-21 19:1730,6.2679,21.2247,82.54,30,100,4.61,overcast clouds
408,Naze,JP,2021-12-21 19:1730,28.3667,129.4833,57.25,88,100,0.6,overcast clouds
409,Kloulklubed,PW,2021-12-21 19:1730,7.0419,134.2556,77.5,78,100,17.0,overcast clouds
410,Lensk,RU,2021-12-21 19:1730,60.7253,114.9278,-26.45,99,100,4.09,overcast clouds
411,Gobabis,NA,2021-12-21 19:1731,-22.45,18.9667,68.04,62,100,13.2,overcast clouds
412,Wewak,PG,2021-12-21 19:1731,-3.5534,143.6268,79.5,87,94,7.29,overcast clouds
413,Leonidovo,RU,2021-12-21 19:1731,49.2833,142.8667,12.56,81,100,11.21,overcast clouds
414,Sao Filipe,CV,2021-12-21 19:1732,14.8961,-24.4956,74.71,74,100,7.34,overcast clouds
415,Chaozhou,CN,2021-12-21 19:1732,23.6651,116.6379,60.66,90,100,4.52,overcast clouds
416,Lumeje,AO,2021-12-21 19:1732,-11.55,20.7833,68.16,93,100,3.78,moderate rain
417,Misratah,LY,2021-12-21 19:1833,32.3754,15.0925,59.54,67,3,7.43,clear sky
418,Poum,NC,2021-12-21 19:1833,-20.2333,164.0167,79.93,77,15,7.52,few clouds
419,Atar,MR,2021-12-21 19:1833,20.5169,-13.0499,76.75,23,100,8.72,overcast clouds
420,Borovoy,RU,2021-12-21 19:1834,55.4333,86.0833,13.28,92,90,4.47,light snow
421,Tessalit,ML,2021-12-21 19:1834,20.1986,1.0114,72.25,16,100,10.74,overcast clouds
422,Mahajanga,MG,2021-12-21 19:1834,-15.7167,46.3167,82.42,83,20,10.36,few clouds
423,Creel,MX,2021-12-21 19:1834,27.75,-107.6333,61.74,13,44,4.29,scattered clouds
424,Kalanchak,UA,2021-12-21 19:1835,46.2562,33.2907,24.33,58,12,11.7,few clouds
425,Griffith,US,2021-12-21 19:1542,41.5284,-87.4237,42.26,71,1,5.99,clear sky
426,Mamburao,PH,2021-12-21 19:1835,13.25,120.6667,75.74,81,100,4.68,overcast clouds
427,Dunedin,NZ,2021-12-21 19:1446,-45.8742,170.5036,60.8,77,17,2.91,few clouds
428,Hami,CN,2021-12-21 19:1835,42.8,93.45,25.07,48,9,6.91,clear sky
429,Bambous Virieux,MU,2021-12-21 19:1836,-20.3428,57.7575,79.05,83,75,13.8,light rain
430,Fecamp,FR,2021-12-21 19:1836,49.7579,0.3746,34.68,74,86,11.36,overcast clouds
431,Qaqortoq,GL,2021-12-21 19:1836,60.7167,-46.0333,46.9,81,100,6.42,light rain
432,Gnjilane,XK,2021-12-21 19:1836,42.4604,21.4699,25.59,79,2,1.48,clear sky
433,Ampanihy,MG,2021-12-21 19:1837,-24.7,44.75,70.57,86,97,11.05,overcast clouds
434,Dibrugarh,IN,2021-12-21 19:1837,27.4833,94.9,55.18,56,7,2.91,clear sky
435,Bandarbeyla,SO,2021-12-21 19:1837,9.4942,50.8122,77.99,70,92,16.2,overcast clouds
436,Gizo,SB,2021-12-21 19:1837,-8.103,156.8419,82.65,76,89,0.98,light rain
437,Odweyne,SO,2021-12-21 19:1838,9.4092,45.064,67.51,59,100,6.06,overcast clouds
438,Kavaratti,IN,2021-12-21 19:1838,10.5669,72.642,79.81,63,11,2.21,few clouds
439,Sangar,RU,2021-12-21 19:1838,63.9242,127.4739,-50.91,98,55,1.92,broken clouds
440,Srimushnam,IN,2021-12-21 19:1839,11.4,79.4167,70.48,80,4,5.03,clear sky
441,Siocon,PH,2021-12-21 19:1839,7.7061,122.1353,77.14,84,100,2.15,overcast clouds
442,Vila Franca Do Campo,PT,2021-12-21 19:1839,37.7167,-25.4333,67.19,92,100,20.02,overcast clouds
443,Luanda,AO,2021-12-21 19:1715,-8.8368,13.2343,78.8,78,20,8.05,few clouds
444,Belyy Yar,RU,2021-12-21 19:1839,53.6039,91.3903,17.49,84,75,4.47,broken clouds
445,Mahalapye,BW,2021-12-21 19:1840,-23.1041,26.8142,76.44,46,79,12.53,broken clouds
446,Marsh Harbour,BS,2021-12-21 19:1840,26.5412,-77.0636,78.19,70,100,19.98,overcast clouds
447,Nikolskoye,RU,2021-12-21 19:1840,59.7035,30.7861,10.02,95,100,8.21,light snow
448,Shar,KZ,2021-12-21 19:1841,49.5886,81.0453,11.43,97,96,7.29,overcast clouds
449,Beringovskiy,RU,2021-12-21 19:1841,63.05,179.3167,-0.2,85,100,5.39,overcast clouds
450,Cabinda,AO,2021-12-21 19:1841,-5.55,12.2,78.76,90,100,9.42,overcast clouds
451,Clyde River,CA,2021-12-21 19:1841,70.4692,-68.5914,5.23,85,90,19.57,light snow
452,Dom Pedro,BR,2021-12-21 19:1842,-4.4833,-44.45,84.69,68,100,2.06,overcast clouds
453,Beloha,MG,2021-12-21 19:1842,-25.1667,45.05,71.33,85,68,17.25,broken clouds
454,Kuliyapitiya,LK,2021-12-21 19:1842,7.4688,80.0401,74.07,79,18,6.82,few clouds
455,Ihosy,MG,2021-12-21 19:1842,-22.4,46.1167,67.66,95,97,5.79,overcast clouds
456,Alta Floresta,BR,2021-12-21 19:1843,-9.8756,-56.0861,82.22,83,40,3.44,moderate rain
457,Turochak,RU,2021-12-21 19:1843,52.2576,87.1224,13.89,100,99,2.26,overcast clouds
458,Bima,ID,2021-12-21 19:1843,-8.4667,118.7167,77.52,93,100,4.27,overcast clouds
459,Yar-Sale,RU,2021-12-21 19:1844,66.8333,70.8333,-5.53,97,100,8.16,overcast clouds
460,Takoradi,GH,2021-12-21 19:1844,4.8845,-1.7554,81.12,64,18,6.51,few clouds
461,Carballo,ES,2021-12-21 19:1844,43.213,-8.691,62.87,78,97,7.58,overcast clouds
462,High Level,CA,2021-12-21 19:1844,58.5169,-117.136,5.11,92,75,8.05,broken clouds
463,Simao,CN,2021-12-21 19:1845,22.7886,100.9748,48.29,81,0,1.77,clear sky
464,Kapustin Yar,RU,2021-12-21 19:1845,48.5831,45.7372,29.62,71,8,2.04,clear sky
465,Shingu,JP,2021-12-21 19:1845,33.7333,135.9833,46.92,86,1,6.11,clear sky
466,Santiago,CL,2021-12-21 19:1450,-33.4569,-70.6483,93.29,21,0,9.22,clear sky
467,Esperance,AU,2021-12-21 19:1945,-33.8667,121.9,62.94,83,89,9.42,overcast clouds
468,Arequipa,PE,2021-12-21 19:1946,-16.3989,-71.535,69.87,19,40,11.5,scattered clouds
469,Flin Flon,CA,2021-12-21 19:1946,54.7682,-101.865,-2.36,71,20,2.3,few clouds
470,Tongliao,CN,2021-12-21 19:1946,43.6125,122.2653,-3.8,93,99,3.8,overcast clouds
471,Loukhi,RU,2021-12-21 19:1947,66.0764,33.0381,7.92,96,97,6.69,overcast clouds
472,Tricase,IT,2021-12-21 19:1947,39.9304,18.3553,39.31,56,12,8.9,few clouds
473,Fukue,JP,2021-12-21 19:1947,32.6881,128.8419,57.13,51,0,10.0,clear sky
474,Namatanai,PG,2021-12-21 19:1948,-3.6667,152.4333,79.25,83,100,2.91,overcast clouds
475,Soyo,AO,2021-12-21 19:1948,-6.1349,12.3689,78.39,90,81,9.69,light rain
476,Chico,US,2021-12-21 19:1948,39.7285,-121.8375,57.63,93,75,6.91,mist
477,Cururupu,BR,2021-12-21 19:1948,-1.8283,-44.8683,86.18,58,100,8.63,overcast clouds
478,Hualmay,PE,2021-12-21 19:1949,-11.0964,-77.6139,72.72,69,15,9.55,few clouds
479,Sokoni,TZ,2021-12-21 19:1949,-6.4333,39.55,81.77,79,28,8.48,scattered clouds
480,Banjarmasin,ID,2021-12-21 19:1949,-3.3244,114.591,77.14,94,99,1.36,overcast clouds
481,Broken Hill,AU,2021-12-21 19:1915,-31.95,141.4333,69.46,34,6,16.55,clear sky
482,Ko Samui,TH,2021-12-21 19:1950,9.5357,99.9357,80.02,68,100,4.74,overcast clouds
483,Ust-Tsilma,RU,2021-12-21 19:1950,65.441,52.1498,-7.2,99,95,4.63,overcast clouds
484,Warwick,US,2021-12-21 19:1950,41.7001,-71.4162,45.14,56,75,5.75,broken clouds
485,Saint-Augustin,CA,2021-12-21 19:1950,51.226,-58.6502,17.08,92,100,14.12,light snow
486,Kualakapuas,ID,2021-12-21 19:1951,-3.0091,114.3876,77.16,97,79,1.63,broken clouds
487,Morondava,MG,2021-12-21 19:1951,-20.2833,44.2833,80.62,72,82,10.76,broken clouds
488,Taldan,RU,2021-12-21 19:1951,53.6667,124.8,-24.21,89,12,3.38,few clouds
489,Pueblo Nuevo,MX,2021-12-21 19:1951,23.3833,-105.3833,72.23,13,13,4.56,few clouds
490,Jalingo,NG,2021-12-21 19:1952,8.8833,11.3667,79.57,24,4,5.32,clear sky
491,Muhos,FI,2021-12-21 19:1952,64.808,25.9931,9.7,98,66,3.29,broken clouds
492,Tiarei,PF,2021-12-21 19:1952,-17.5333,-149.3333,82.42,75,100,14.63,light rain
493,Lillooet,CA,2021-12-21 19:1953,50.6856,-121.942,12.92,62,99,4.16,overcast clouds
494,Sao Joao De Pirabas,BR,2021-12-21 19:1953,-0.7747,-47.1772,85.3,65,100,11.05,overcast clouds
495,Coos Bay,US,2021-12-21 19:1953,43.3665,-124.2179,48.99,96,90,6.91,overcast clouds
496,Lata,PT,2021-12-21 19:1953,40.1629,-8.3327,59.92,89,95,9.33,overcast clouds
497,Danielskuil,ZA,2021-12-21 19:1954,-28.1887,23.5395,72.3,44,72,15.61,light rain
498,Vestmannaeyjar,IS,2021-12-21 19:1954,63.4427,-20.2734,40.98,82,100,13.96,overcast clouds
499,Westport,US,2021-12-21 19:1514,41.1415,-73.3579,43.43,61,1,1.01,clear sky
500,San Luis,AR,2021-12-21 19:1954,-33.295,-66.3356,86.23,42,95,13.24,overcast clouds
501,Mogocha,RU,2021-12-21 19:1955,53.7333,119.7667,-27.08,96,38,2.95,scattered clouds
502,Ayia Marina,GR,2021-12-21 19:1955,37.75,23.5333,49.57,58,100,8.41,overcast clouds
503,Ghansor,IN,2021-12-21 19:1955,22.65,79.95,52.81,26,0,1.9,clear sky
504,Asfi,MA,2021-12-21 19:1955,32.2994,-9.2372,65.43,73,100,16.75,overcast clouds
505,Svobodnyy,RU,2021-12-21 19:1956,51.4,128.1333,-22.7,89,14,7.38,few clouds
506,Merauke,ID,2021-12-21 19:1956,-8.4667,140.3333,78.6,86,88,2.3,overcast clouds
507,Evensk,RU,2021-12-21 19:1956,61.95,159.2333,-1.62,62,29,12.15,scattered clouds
508,Port Hawkesbury,CA,2021-12-21 19:1957,45.6169,-61.3485,38.91,89,40,7.0,scattered clouds
509,Cavan,IE,2021-12-21 19:1957,53.9908,-7.3606,44.42,89,100,5.7,overcast clouds
510,Waddan,LY,2021-12-21 19:1957,29.1614,16.139,52.77,35,0,3.09,clear sky
511,Dawei,MM,2021-12-21 19:1957,14.0833,98.2,67.39,84,84,3.47,broken clouds
512,Denison,US,2021-12-21 19:1556,33.7557,-96.5367,60.94,56,1,4.0,clear sky
513,Ulladulla,AU,2021-12-21 19:1958,-35.35,150.4667,65.88,90,100,2.8,overcast clouds
514,Jega,NG,2021-12-21 19:1958,12.2175,4.3792,75.52,21,11,10.29,few clouds
515,Caete,BR,2021-12-21 19:2058,-19.88,-43.6697,79.83,73,100,2.33,overcast clouds
516,Winnetka,US,2021-12-21 19:2055,42.1081,-87.7359,41.02,66,1,1.01,clear sky
517,Nemuro,JP,2021-12-21 19:2059,43.3236,145.575,33.13,71,3,19.1,clear sky
518,Lazaro Cardenas,MX,2021-12-21 19:2059,17.9583,-102.2,84.25,62,33,7.52,scattered clouds
519,Bereznik,RU,2021-12-21 19:2100,62.8551,42.7072,-2.27,97,100,5.73,overcast clouds
520,Pekan,MY,2021-12-21 19:2100,3.4836,103.3996,77.11,92,81,1.9,broken clouds
521,Bukama,CD,2021-12-21 19:2101,-9.2,25.85,71.92,95,100,1.68,overcast clouds
522,Presidencia Roque Saenz Pena,AR,2021-12-21 19:2101,-26.7852,-60.4388,104.05,21,85,7.0,overcast clouds
523,Rocha,UY,2021-12-21 19:2101,-34.4833,-54.3333,79.57,40,94,5.03,overcast clouds
524,Port Hardy,CA,2021-12-21 19:2054,50.6996,-127.4199,37.4,80,75,5.75,broken clouds
525,Weymouth,US,2021-12-21 19:2102,42.2209,-70.9398,44.71,54,75,4.0,broken clouds
526,Neryungri,RU,2021-12-21 19:2102,56.6709,124.6491,-40.81,100,96,1.99,overcast clouds
527,Marystown,CA,2021-12-21 19:2102,47.1666,-55.1483,36.86,100,100,7.0,overcast clouds
528,Champerico,GT,2021-12-21 19:2102,14.3,-91.9167,84.76,64,86,6.49,overcast clouds
529,Kelvington,CA,2021-12-21 19:2103,52.1667,-103.5343,4.66,95,62,6.04,broken clouds
530,Sabang,ID,2021-12-21 19:2103,5.8933,95.3214,80.53,69,13,4.9,few clouds
531,Prestonpans,GB,2021-12-21 19:2103,55.9594,-2.9804,36.36,90,98,2.06,overcast clouds
532,Sinop,TR,2021-12-21 19:2103,41.7711,34.8709,28.35,94,100,5.14,light snow
533,Balakhninskiy,RU,2021-12-21 19:2104,58.0106,114.2769,-22.25,98,100,1.52,overcast clouds
534,Plettenberg Bay,ZA,2021-12-21 19:2104,-34.0527,23.3716,67.86,89,100,2.48,overcast clouds
535,De Aar,ZA,2021-12-21 19:2104,-30.6497,24.0123,73.2,42,100,3.98,light rain
536,Coria,ES,2021-12-21 19:2105,39.9879,-6.5377,54.45,93,100,7.29,overcast clouds
537,Kuressaare,EE,2021-12-21 19:2105,58.2481,22.5039,10.35,92,7,3.44,clear sky
538,Goderich,CA,2021-12-21 19:2105,43.7501,-81.7165,36.91,69,19,8.05,few clouds
539,Paamiut,GL,2021-12-21 19:2106,61.994,-49.6678,36.54,85,100,29.1,moderate rain
540,Cortez,US,2021-12-21 19:2106,37.3489,-108.5859,49.42,28,1,3.44,clear sky
541,Araioses,BR,2021-12-21 19:2106,-2.89,-41.9031,87.78,70,75,19.57,broken clouds
542,Pangnirtung,CA,2021-12-21 19:2106,66.1451,-65.7125,14.0,92,90,8.05,light snow
543,Rawson,AR,2021-12-21 19:2052,-43.3002,-65.1023,66.34,50,25,13.67,scattered clouds
544,Polunochnoye,RU,2021-12-21 19:2107,60.8697,60.4153,-7.87,98,100,7.99,light snow
545,Bathurst,AU,2021-12-21 19:2107,-33.4166,149.5806,66.85,51,100,1.23,overcast clouds
546,Togul,RU,2021-12-21 19:2107,53.465,85.9128,12.42,98,97,2.46,overcast clouds
547,Nisia Floresta,BR,2021-12-21 19:2108,-6.0911,-35.2086,85.01,61,98,9.62,overcast clouds
548,Kabanjahe,ID,2021-12-21 19:1704,3.1001,98.4908,61.56,96,100,2.86,overcast clouds
549,Codrington,AU,2021-12-21 19:2108,-38.2667,141.9667,57.79,73,100,10.09,overcast clouds
550,Mujiayingzi,CN,2021-12-21 19:2108,42.1167,118.7833,17.87,62,70,1.7,broken clouds
551,Paita,PE,2021-12-21 19:2109,-5.0892,-81.1144,81.16,71,33,14.74,scattered clouds
552,Tabuk,PH,2021-12-21 19:2109,17.4189,121.4443,73.4,95,99,1.07,overcast clouds
553,Manaus,BR,2021-12-21 19:1933,-3.1019,-60.025,82.89,83,75,2.3,moderate rain
554,Severo-Yeniseyskiy,RU,2021-12-21 19:2109,60.3725,93.0408,-21.24,93,100,2.35,overcast clouds
555,Ravar,IR,2021-12-21 19:2109,31.2656,56.8055,62.29,48,28,8.61,scattered clouds
556,Sumbe,AO,2021-12-21 19:2110,-11.2061,13.8437,76.21,83,28,7.05,scattered clouds
557,Anchorage,US,2021-12-21 19:1920,61.2181,-149.9003,22.64,90,90,0.0,mist
558,Asekeyevo,RU,2021-12-21 19:2110,53.5742,52.7972,18.03,96,100,6.69,overcast clouds
559,Siparia,TT,2021-12-21 19:2110,10.1333,-61.5,77.79,93,65,3.0,broken clouds
560,San Cristobal,VE,2021-12-21 19:2111,7.7669,-72.225,80.78,44,100,4.05,overcast clouds
561,College,US,2021-12-21 19:2111,64.8569,-147.8028,21.15,71,75,14.97,broken clouds
562,Gisborne,NZ,2021-12-21 19:2211,-38.6533,178.0042,71.94,63,100,7.43,overcast clouds
563,Amapa,BR,2021-12-21 19:2211,1.0,-52.0,86.94,61,13,4.07,few clouds
564,Gat,IL,2021-12-21 19:2212,31.61,34.7642,56.39,100,59,8.66,broken clouds
565,Tautira,PF,2021-12-21 19:2212,-17.7333,-149.15,82.42,76,100,14.5,overcast clouds
566,Saint-Louis,SN,2021-12-21 19:2212,16.3333,-15.0,76.64,16,100,6.89,overcast clouds
567,Gladstone,AU,2021-12-21 19:2212,-23.85,151.25,71.53,83,40,4.61,scattered clouds
568,Pokosnoye,RU,2021-12-21 19:2213,55.5258,101.0536,-30.33,100,5,2.21,clear sky
569,Ondjiva,AO,2021-12-21 19:2213,-17.0667,15.7333,83.93,29,86,4.76,overcast clouds
570,Buraydah,SA,2021-12-21 19:2213,26.326,43.975,54.05,27,43,7.9,scattered clouds
571,Santa Isabel Do Rio Negro,BR,2021-12-21 19:2213,-0.4139,-65.0192,88.7,60,100,2.51,moderate rain
572,Bonthe,SL,2021-12-21 19:2214,7.5264,-12.505,80.42,75,8,8.43,clear sky
573,Vanimo,PG,2021-12-21 19:2214,-2.6741,141.3028,78.22,88,100,8.3,overcast clouds
574,Oranjemund,NA,2021-12-21 19:2214,-28.55,16.4333,64.36,77,0,4.25,clear sky
575,Eldorado,BR,2021-12-21 19:2022,-23.7869,-54.2836,96.17,26,83,5.82,moderate rain
576,Vagur,FO,2021-12-21 19:2215,61.4732,-6.8119,39.9,71,100,13.69,overcast clouds
577,Krasnogorsk,RU,2021-12-21 19:2209,55.8225,37.3181,1.06,77,75,11.18,light snow
578,Pangody,RU,2021-12-21 19:2215,65.85,74.4859,-4.65,96,95,12.15,overcast clouds
579,Miramar,US,2021-12-21 19:2215,25.9873,-80.2323,76.05,85,40,17.27,scattered clouds
580,Puebloviejo,CO,2021-12-21 19:2215,10.9938,-74.2844,89.8,66,20,9.22,few clouds
581,Ayr,GB,2021-12-21 19:1846,55.4627,-4.6339,37.51,87,90,5.75,overcast clouds
582,Daloa,CI,2021-12-21 19:2216,6.8774,-6.4502,79.77,26,97,3.51,overcast clouds
583,Kant,IN,2021-12-21 19:2216,27.8,79.8,53.98,33,0,3.13,clear sky
584,Deputatskiy,RU,2021-12-21 19:2216,69.3,139.9,-24.77,87,97,5.41,overcast clouds
585,Esfahan,IR,2021-12-21 19:2217,32.6572,51.6776,42.44,46,3,4.16,clear sky
586,Horadiz,AZ,2021-12-21 19:2217,39.4488,47.3353,39.97,62,63,6.96,broken clouds
587,Terra Santa,BR,2021-12-21 19:2217,-2.1042,-56.4869,93.85,44,99,4.54,overcast clouds
588,Vanavara,RU,2021-12-21 19:2217,60.34,102.2797,-37.44,100,38,0.2,scattered clouds
589,Jardim,BR,2021-12-21 19:2218,-21.4803,-56.1381,99.72,18,15,5.3,few clouds
590,Saint Pete Beach,US,2021-12-21 19:2218,27.7253,-82.7412,72.09,81,90,7.0,overcast clouds
591,Viransehir,TR,2021-12-21 19:2218,37.2353,39.7631,40.24,81,12,5.12,few clouds
592,Sebastian,US,2021-12-21 19:2218,35.1668,-94.2669,54.01,58,0,4.92,clear sky
593,Hay River,CA,2021-12-21 19:2054,60.8156,-115.7999,-11.22,77,75,11.5,broken clouds
594,Lebu,CL,2021-12-21 19:2219,-37.6167,-73.65,61.72,67,0,21.16,clear sky
595,Hohhot,CN,2021-12-21 19:2219,40.8106,111.6522,10.69,61,0,4.47,clear sky
596,Djenne,ML,2021-12-21 19:2219,13.9061,-4.5533,78.89,13,12,9.24,few clouds
597,Sabla,NG,2021-12-21 19:2220,12.7525,4.7077,73.71,21,10,9.98,clear sky
598,Malanje,AO,2021-12-21 19:2220,-9.5402,16.341,68.04,95,100,3.27,light rain
599,Esna,EG,2021-12-21 19:2220,25.2934,32.554,53.62,43,100,10.85,overcast clouds
600,Antofagasta,CL,2021-12-21 19:2220,-23.65,-70.4,70.88,72,100,6.49,overcast clouds
601,Slave Lake,CA,2021-12-21 19:2221,55.2834,-114.769,17.58,79,90,3.44,overcast clouds
602,Kysyl-Syr,RU,2021-12-21 19:2221,63.8986,122.7617,-50.73,100,99,0.81,overcast clouds
603,Viedma,AR,2021-12-21 19:2221,-40.8135,-62.9967,75.74,49,5,22.84,clear sky
604,Erie,US,2021-12-21 19:2222,42.7667,-78.6664,42.15,58,13,1.01,few clouds
605,Guayape,HN,2021-12-21 19:2222,14.7167,-86.8333,79.79,49,39,4.18,scattered clouds
606,Santa Isabel,BR,2021-12-21 19:2222,-23.3156,-46.2214,88.9,40,19,5.06,few clouds
607,Khandyga,RU,2021-12-21 19:2222,62.6667,135.6,-42.03,95,100,0.67,overcast clouds
608,Kankon,IN,2021-12-21 19:2223,15.0167,74.0167,75.0,64,6,5.61,clear sky
609,Omboue,GA,2021-12-21 19:2223,-1.5746,9.2618,79.11,88,40,6.53,scattered clouds
610,Nouakchott,MR,2021-12-21 19:2323,18.0858,-15.9785,73.33,42,100,1.25,overcast clouds
611,Deda,RO,2021-12-21 19:2324,46.9333,24.9,23.99,93,99,5.35,light snow
612,Xinmin,CN,2021-12-21 19:2324,41.9908,122.8253,10.65,34,100,8.03,overcast clouds
613,Assens,DK,2021-12-21 19:2324,55.2702,9.9008,35.49,90,99,7.16,overcast clouds
614,Fuzhou,CN,2021-12-21 19:2229,26.0614,119.3061,57.09,96,100,2.46,overcast clouds
615,Sorland,NO,2021-12-21 19:2324,67.667,12.6934,31.86,65,11,16.53,few clouds
616,Biak,ID,2021-12-21 19:2325,-0.9131,122.8766,75.69,82,100,4.29,overcast clouds
617,Ormara,PK,2021-12-21 19:2325,25.2088,64.6357,73.78,79,4,10.96,clear sky
618,Lavrentiya,RU,2021-12-21 19:2325,65.5833,-171.0,-7.02,82,6,6.15,clear sky
619,Bien Hoa,VN,2021-12-21 19:1914,10.95,106.8167,76.98,88,99,3.36,overcast clouds
620,Yumen,CN,2021-12-21 19:2326,40.2833,97.2,24.89,39,100,13.35,overcast clouds
621,Tondano,ID,2021-12-21 19:2326,1.3038,124.9112,67.37,94,100,2.44,overcast clouds
622,Eyl,SO,2021-12-21 19:2326,7.9803,49.8164,76.82,71,97,18.1,overcast clouds
623,Kotma,IN,2021-12-21 19:2326,23.2,81.9667,47.8,28,0,2.84,clear sky
624,San Lawrenz,MT,2021-12-21 19:2327,36.0553,14.204,53.85,77,32,9.64,scattered clouds
625,Gospic,HR,2021-12-21 19:2327,44.5461,15.3747,37.09,60,76,1.68,broken clouds
626,Alto Araguaia,BR,2021-12-21 19:2327,-17.3147,-53.2153,79.56,78,100,3.8,moderate rain
627,Shuangyang,CN,2021-12-21 19:2327,43.5242,125.6736,-9.44,82,74,2.21,broken clouds
628,Vieux-Habitants,GP,2021-12-21 19:2328,16.0589,-61.7659,83.71,70,2,15.3,clear sky
629,Tierranueva,MX,2021-12-21 19:2328,21.6833,-100.5667,66.94,17,0,1.7,clear sky
630,Nago,JP,2021-12-21 19:2328,26.5881,127.9761,62.76,92,100,7.4,light rain
631,Inhambane,MZ,2021-12-21 19:2329,-23.865,35.3833,72.84,75,5,7.96,clear sky
632,Santa Maria,BR,2021-12-21 19:2329,-29.6842,-53.8069,88.9,55,20,5.75,light rain
633,Tomatlan,MX,2021-12-21 19:2329,19.9333,-105.25,89.74,27,0,6.33,clear sky
634,Saint-Pierre,RE,2021-12-21 19:2330,-21.3393,55.4781,78.48,76,0,3.44,light rain
635,Skibbereen,IE,2021-12-21 19:2330,51.55,-9.2667,46.2,83,100,16.96,overcast clouds
636,Saint-Joseph,RE,2021-12-21 19:2330,-21.3667,55.6167,77.38,86,99,12.71,light rain
637,Japura,ID,2021-12-21 19:2330,-0.3167,102.35,73.94,98,45,2.3,scattered clouds
638,Guantanamo,CU,2021-12-21 19:2331,20.1444,-75.2092,83.77,46,46,9.66,scattered clouds
639,Cristalina,BR,2021-12-21 19:2331,-16.7686,-47.6136,75.45,66,64,3.15,broken clouds
640,Manbij,SY,2021-12-21 19:2331,36.5281,37.9549,38.17,67,0,7.16,light rain
641,Ilhabela,BR,2021-12-21 19:2331,-23.7781,-45.3581,77.99,77,27,6.51,scattered clouds
642,Solofra,IT,2021-12-21 19:2332,40.8295,14.8419,47.93,84,100,1.88,overcast clouds
643,Gigante,CO,2021-12-21 19:2332,2.3868,-75.5453,85.08,63,100,5.32,overcast clouds
644,Lodja,CD,2021-12-21 19:2332,-3.4833,23.4333,70.9,98,100,0.43,light rain
645,Oskemen,KZ,2021-12-21 19:2332,49.9565,82.6119,19.36,92,20,8.95,mist
646,Nador,MA,2021-12-21 19:2333,35.174,-2.9287,57.45,88,0,4.61,clear sky
647,Talaya,RU,2021-12-21 19:2333,61.3833,152.75,-40.94,99,100,0.85,overcast clouds
648,Rongcheng,CN,2021-12-21 19:2333,30.634,117.8517,48.88,63,0,1.81,clear sky
649,Amurzet,RU,2021-12-21 19:2334,47.6967,131.0981,-17.0,87,3,8.23,clear sky
650,Monreal,PH,2021-12-21 19:2334,12.644,123.6648,78.78,84,100,5.32,overcast clouds
651,Massakory,TD,2021-12-21 19:2334,12.996,15.7293,73.81,19,0,15.12,clear sky
652,Camapua,BR,2021-12-21 19:2335,-19.5314,-54.0439,88.79,43,100,3.87,overcast clouds
653,Iquitos,PE,2021-12-21 19:2335,-3.7481,-73.2472,89.64,62,75,10.36,broken clouds
654,Sola,VU,2021-12-21 19:2435,-13.8833,167.55,81.88,71,92,3.83,overcast clouds
655,Mosquera,CO,2021-12-21 19:2435,4.7059,-74.2302,66.29,63,40,16.11,scattered clouds
656,Wanning,CN,2021-12-21 19:2436,18.8003,110.3967,64.06,90,3,6.8,clear sky
657,Sungaipenuh,ID,2021-12-21 19:2436,-2.0833,101.3833,63.18,89,99,1.77,overcast clouds
658,Murray Bridge,AU,2021-12-21 19:2436,-35.1167,139.2667,59.43,83,64,7.94,broken clouds
659,Villa Carlos Paz,AR,2021-12-21 19:2358,-31.4241,-64.4978,85.28,31,73,10.22,broken clouds
660,Kaohsiung,TW,2021-12-21 19:2436,22.6163,120.3133,71.04,98,40,1.01,scattered clouds
661,Oistins,BB,2021-12-21 19:2134,13.0667,-59.5333,84.29,65,40,20.71,scattered clouds
662,Ankang,CN,2021-12-21 19:2438,32.68,109.0172,44.64,66,0,1.25,clear sky
663,Jaca,ES,2021-12-21 19:2438,42.569,-0.5499,49.01,91,88,3.24,overcast clouds
664,Ixtapa,MX,2021-12-21 19:2439,20.7,-105.2,81.63,54,1,8.05,clear sky
665,Riverton,US,2021-12-21 19:2439,40.5219,-111.9391,45.84,50,1,4.0,clear sky
666,Bongandanga,CD,2021-12-21 19:2439,1.5,21.05,78.67,64,100,2.57,overcast clouds
667,Niceville,US,2021-12-21 19:2440,30.5169,-86.4822,54.91,86,90,11.01,overcast clouds
668,Guarapari,BR,2021-12-21 19:2440,-20.6667,-40.4975,75.09,84,36,9.24,scattered clouds
669,Cervo,ES,2021-12-21 19:2440,43.6702,-7.4101,57.2,86,99,6.8,overcast clouds
670,Morro Bay,US,2021-12-21 19:2440,35.3658,-120.8499,63.81,66,100,1.99,overcast clouds
671,Minsk,BY,2021-12-21 19:2020,53.9,27.5667,8.35,83,8,6.35,clear sky
672,Serro,BR,2021-12-21 19:2425,-18.6047,-43.3794,74.21,80,100,4.68,overcast clouds
673,Boissevain,CA,2021-12-21 19:2441,49.2306,-100.0559,8.06,88,16,11.27,few clouds
674,Ballangen,NO,2021-12-21 19:2216,68.3428,16.8315,21.4,62,0,6.91,clear sky
675,Borujerd,IR,2021-12-21 19:2441,33.8973,48.7516,36.12,60,0,5.7,clear sky
676,Bara,NG,2021-12-21 19:2441,10.3744,10.7288,74.3,33,0,8.86,clear sky
677,Kibala,TD,2021-12-21 19:2442,9.1104,18.3463,82.35,28,0,0.0,clear sky
678,Mackay,AU,2021-12-21 19:2419,-21.15,149.2,70.68,100,75,1.14,broken clouds
679,Morgaushi,RU,2021-12-21 19:2442,55.9643,46.7743,-2.04,98,97,6.42,overcast clouds
680,Mayo,US,2021-12-21 19:2442,38.8876,-76.5119,43.97,62,1,4.0,clear sky
681,Davila,PH,2021-12-21 19:2442,18.4726,120.5763,77.65,86,12,2.04,few clouds
682,Cozumel,MX,2021-12-21 19:2443,20.5083,-86.9458,82.47,73,20,13.8,few clouds
683,Dauphin,CA,2021-12-21 19:2443,51.1494,-100.0502,10.54,67,75,6.91,broken clouds
684,Quilmana,PE,2021-12-21 19:2443,-12.95,-76.3833,74.19,67,99,8.95,overcast clouds
685,Barabai,ID,2021-12-21 19:2444,-2.5833,115.3833,73.94,97,100,1.16,overcast clouds
686,Mogadishu,SO,2021-12-21 19:2444,2.0371,45.3438,79.18,82,100,20.69,overcast clouds
687,Dwarka,IN,2021-12-21 19:2444,22.2394,68.9678,71.22,72,7,7.38,clear sky
688,Piacabucu,BR,2021-12-21 19:2444,-10.4056,-36.4344,83.97,66,51,15.32,broken clouds
689,Grand Gaube,MU,2021-12-21 19:2445,-20.0064,57.6608,79.2,91,100,5.99,light rain
690,Ahipara,NZ,2021-12-21 19:2445,-35.1667,173.1667,65.46,82,100,5.91,overcast clouds
691,Ilulissat,GL,2021-12-21 19:2445,69.2167,-51.1,42.82,31,40,24.16,scattered clouds
692,Paracatu,BR,2021-12-21 19:2445,-17.2222,-46.8747,81.59,61,59,3.96,broken clouds
693,Parkes,AU,2021-12-21 19:2446,-33.1333,148.1833,64.35,62,100,2.15,overcast clouds
694,Garowe,SO,2021-12-21 19:2446,8.4054,48.4845,72.34,65,100,17.2,overcast clouds
695,Sampit,ID,2021-12-21 19:2446,-2.5333,112.95,73.69,98,100,0.65,overcast clouds
